"time","Position","Readerdata.Value"
"2021-09-30T15:38:03.000Z","A1","1.062"
"2021-09-30T15:38:03.000Z","A10","0.185"
"2021-09-30T15:38:03.000Z","A11","0.198"
"2021-09-30T15:38:03.000Z","A12","0.188"
"2021-09-30T15:38:03.000Z","A2","1.151"
"2021-09-30T15:38:03.000Z","A3","1.093"
"2021-09-30T15:38:03.000Z","A4","1.06"
"2021-09-30T15:38:03.000Z","A5","1.178"
"2021-09-30T15:38:03.000Z","A6","1.079"
"2021-09-30T15:38:03.000Z","A7","0.193"
"2021-09-30T15:38:03.000Z","A8","0.195"
"2021-09-30T15:38:03.000Z","A9","0.182"
"2021-09-30T15:38:03.000Z","B1","1.108"
"2021-09-30T15:38:03.000Z","B10","0.187"
"2021-09-30T15:38:03.000Z","B11","0.203"
"2021-09-30T15:38:03.000Z","B12","0.193"
"2021-09-30T15:38:03.000Z","B2","1.124"
"2021-09-30T15:38:03.000Z","B3","1.149"
"2021-09-30T15:38:03.000Z","B4","1.13"
"2021-09-30T15:38:03.000Z","B5","1.157"
"2021-09-30T15:38:03.000Z","B6","1.173"
"2021-09-30T15:38:03.000Z","B7","0.187"
"2021-09-30T15:38:03.000Z","B8","0.184"
"2021-09-30T15:38:03.000Z","B9","0.197"
"2021-09-30T15:38:03.000Z","C1","1.11"
"2021-09-30T15:38:03.000Z","C10","0.18"
"2021-09-30T15:38:03.000Z","C11","0.196"
"2021-09-30T15:38:03.000Z","C12","0.198"
"2021-09-30T15:38:03.000Z","C2","1.079"
"2021-09-30T15:38:03.000Z","C3","1.09"
"2021-09-30T15:38:03.000Z","C4","1.059"
"2021-09-30T15:38:03.000Z","C5","1.174"
"2021-09-30T15:38:03.000Z","C6","1.085"
"2021-09-30T15:38:03.000Z","C7","0.193"
"2021-09-30T15:38:03.000Z","C8","0.176"
"2021-09-30T15:38:03.000Z","C9","0.218"
"2021-09-30T15:38:03.000Z","D1","1.201"
"2021-09-30T15:38:03.000Z","D10","0.224"
"2021-09-30T15:38:03.000Z","D11","0.18"
"2021-09-30T15:38:03.000Z","D12","0.218"
"2021-09-30T15:38:03.000Z","D2","1.081"
"2021-09-30T15:38:03.000Z","D3","1.152"
"2021-09-30T15:38:03.000Z","D4","1.252"
"2021-09-30T15:38:03.000Z","D5","1.09"
"2021-09-30T15:38:03.000Z","D6","1.165"
"2021-09-30T15:38:03.000Z","D7","0.196"
"2021-09-30T15:38:03.000Z","D8","0.179"
"2021-09-30T15:38:03.000Z","D9","0.223"
"2021-09-30T15:38:03.000Z","E1","1.164"
"2021-09-30T15:38:03.000Z","E10","0.219"
"2021-09-30T15:38:03.000Z","E11","0.179"
"2021-09-30T15:38:03.000Z","E12","0.204"
"2021-09-30T15:38:03.000Z","E2","1.083"
"2021-09-30T15:38:03.000Z","E3","1.159"
"2021-09-30T15:38:03.000Z","E4","1.241"
"2021-09-30T15:38:03.000Z","E5","1.086"
"2021-09-30T15:38:03.000Z","E6","1.142"
"2021-09-30T15:38:03.000Z","E7","0.199"
"2021-09-30T15:38:03.000Z","E8","0.206"
"2021-09-30T15:38:03.000Z","E9","0.204"
"2021-09-30T15:38:03.000Z","F1","1.156"
"2021-09-30T15:38:03.000Z","F10","0.221"
"2021-09-30T15:38:03.000Z","F11","0.18"
"2021-09-30T15:38:03.000Z","F12","0.196"
"2021-09-30T15:38:03.000Z","F2","1.078"
"2021-09-30T15:38:03.000Z","F3","1.167"
"2021-09-30T15:38:03.000Z","F4","1.142"
"2021-09-30T15:38:03.000Z","F5","1.101"
"2021-09-30T15:38:03.000Z","F6","1.15"
"2021-09-30T15:38:03.000Z","F7","0.205"
"2021-09-30T15:38:03.000Z","F8","0.195"
"2021-09-30T15:38:03.000Z","F9","0.222"
"2021-09-30T15:38:03.000Z","G1","1.172"
"2021-09-30T15:38:03.000Z","G10","0.223"
"2021-09-30T15:38:03.000Z","G11","0.184"
"2021-09-30T15:38:03.000Z","G12","0.206"
"2021-09-30T15:38:03.000Z","G2","1.113"
"2021-09-30T15:38:03.000Z","G3","1.166"
"2021-09-30T15:38:03.000Z","G4","1.168"
"2021-09-30T15:38:03.000Z","G5","1.104"
"2021-09-30T15:38:03.000Z","G6","1.184"
"2021-09-30T15:38:03.000Z","G7","0.217"
"2021-09-30T15:38:03.000Z","G8","0.189"
"2021-09-30T15:38:03.000Z","G9","0.199"
"2021-09-30T15:38:03.000Z","H1","1.158"
"2021-09-30T15:38:03.000Z","H10","0.21"
"2021-09-30T15:38:03.000Z","H11","0.183"
"2021-09-30T15:38:03.000Z","H12","0.208"
"2021-09-30T15:38:03.000Z","H2","1.14"
"2021-09-30T15:38:03.000Z","H3","1.138"
"2021-09-30T15:38:03.000Z","H4","1.221"
"2021-09-30T15:38:03.000Z","H5","1.092"
"2021-09-30T15:38:03.000Z","H6","1.207"
"2021-09-30T15:38:03.000Z","H7","0.205"
"2021-09-30T15:38:03.000Z","H8","0.186"
"2021-09-30T15:38:03.000Z","H9","0.184"
"2021-09-30T16:50:45.000Z","A1","1.064"
"2021-09-30T16:50:45.000Z","A10","0.184"
"2021-09-30T16:50:45.000Z","A11","0.179"
"2021-09-30T16:50:45.000Z","A12","0.189"
"2021-09-30T16:50:45.000Z","A2","1.063"
"2021-09-30T16:50:45.000Z","A3","1.075"
"2021-09-30T16:50:45.000Z","A4","1.052"
"2021-09-30T16:50:45.000Z","A5","1.067"
"2021-09-30T16:50:45.000Z","A6","1.064"
"2021-09-30T16:50:45.000Z","A7","0.189"
"2021-09-30T16:50:45.000Z","A8","0.195"
"2021-09-30T16:50:45.000Z","A9","0.198"
"2021-09-30T16:50:45.000Z","B1","1.128"
"2021-09-30T16:50:45.000Z","B10","0.186"
"2021-09-30T16:50:45.000Z","B11","0.207"
"2021-09-30T16:50:45.000Z","B12","0.195"
"2021-09-30T16:50:45.000Z","B2","1.089"
"2021-09-30T16:50:45.000Z","B3","1.125"
"2021-09-30T16:50:45.000Z","B4","1.12"
"2021-09-30T16:50:45.000Z","B5","1.133"
"2021-09-30T16:50:45.000Z","B6","1.13"
"2021-09-30T16:50:45.000Z","B7","0.194"
"2021-09-30T16:50:45.000Z","B8","0.184"
"2021-09-30T16:50:45.000Z","B9","0.187"
"2021-09-30T16:50:45.000Z","C1","1.091"
"2021-09-30T16:50:45.000Z","C10","0.191"
"2021-09-30T16:50:45.000Z","C11","0.179"
"2021-09-30T16:50:45.000Z","C12","0.199"
"2021-09-30T16:50:45.000Z","C2","1.139"
"2021-09-30T16:50:45.000Z","C3","1.094"
"2021-09-30T16:50:45.000Z","C4","1.087"
"2021-09-30T16:50:45.000Z","C5","1.066"
"2021-09-30T16:50:45.000Z","C6","1.066"
"2021-09-30T16:50:45.000Z","C7","0.198"
"2021-09-30T16:50:45.000Z","C8","0.197"
"2021-09-30T16:50:45.000Z","C9","0.176"
"2021-09-30T16:50:45.000Z","D1","1.121"
"2021-09-30T16:50:45.000Z","D10","0.207"
"2021-09-30T16:50:45.000Z","D11","0.18"
"2021-09-30T16:50:45.000Z","D12","0.175"
"2021-09-30T16:50:45.000Z","D2","1.098"
"2021-09-30T16:50:45.000Z","D3","1.105"
"2021-09-30T16:50:45.000Z","D4","1.058"
"2021-09-30T16:50:45.000Z","D5","1.135"
"2021-09-30T16:50:45.000Z","D6","1.046"
"2021-09-30T16:50:45.000Z","D7","0.202"
"2021-09-30T16:50:45.000Z","D8","0.189"
"2021-09-30T16:50:45.000Z","D9","0.181"
"2021-09-30T16:50:45.000Z","E1","1.156"
"2021-09-30T16:50:45.000Z","E10","0.212"
"2021-09-30T16:50:45.000Z","E11","0.201"
"2021-09-30T16:50:45.000Z","E12","0.175"
"2021-09-30T16:50:45.000Z","E2","1.121"
"2021-09-30T16:50:45.000Z","E3","1.121"
"2021-09-30T16:50:45.000Z","E4","1.137"
"2021-09-30T16:50:45.000Z","E5","1.157"
"2021-09-30T16:50:45.000Z","E6","1.058"
"2021-09-30T16:50:45.000Z","E7","0.224"
"2021-09-30T16:50:45.000Z","E8","0.186"
"2021-09-30T16:50:45.000Z","E9","0.191"
"2021-09-30T16:50:45.000Z","F1","1.129"
"2021-09-30T16:50:45.000Z","F10","0.21"
"2021-09-30T16:50:45.000Z","F11","0.186"
"2021-09-30T16:50:45.000Z","F12","0.169"
"2021-09-30T16:50:45.000Z","F2","1.103"
"2021-09-30T16:50:45.000Z","F3","1.092"
"2021-09-30T16:50:45.000Z","F4","1.143"
"2021-09-30T16:50:45.000Z","F5","1.168"
"2021-09-30T16:50:45.000Z","F6","1.047"
"2021-09-30T16:50:45.000Z","F7","0.213"
"2021-09-30T16:50:45.000Z","F8","0.184"
"2021-09-30T16:50:45.000Z","F9","0.18"
"2021-09-30T16:50:45.000Z","G1","1.063"
"2021-09-30T16:50:45.000Z","G10","0.188"
"2021-09-30T16:50:45.000Z","G11","0.201"
"2021-09-30T16:50:45.000Z","G12","0.182"
"2021-09-30T16:50:45.000Z","G2","1.134"
"2021-09-30T16:50:45.000Z","G3","1.139"
"2021-09-30T16:50:45.000Z","G4","1.121"
"2021-09-30T16:50:45.000Z","G5","1.141"
"2021-09-30T16:50:45.000Z","G6","1.101"
"2021-09-30T16:50:45.000Z","G7","0.185"
"2021-09-30T16:50:45.000Z","G8","0.191"
"2021-09-30T16:50:45.000Z","G9","0.19"
"2021-09-30T16:50:45.000Z","H1","1.106"
"2021-09-30T16:50:45.000Z","H10","0.173"
"2021-09-30T16:50:45.000Z","H11","0.194"
"2021-09-30T16:50:45.000Z","H12","0.168"
"2021-09-30T16:50:45.000Z","H2","1.081"
"2021-09-30T16:50:45.000Z","H3","1.112"
"2021-09-30T16:50:45.000Z","H4","1.075"
"2021-09-30T16:50:45.000Z","H5","1.111"
"2021-09-30T16:50:45.000Z","H6","1.063"
"2021-09-30T16:50:45.000Z","H7","0.181"
"2021-09-30T16:50:45.000Z","H8","0.175"
"2021-09-30T16:50:45.000Z","H9","0.177"
"2021-09-30T17:34:22.000Z","A1","1.062"
"2021-09-30T17:34:22.000Z","A10","0.19"
"2021-09-30T17:34:22.000Z","A11","0.201"
"2021-09-30T17:34:22.000Z","A12","0.185"
"2021-09-30T17:34:22.000Z","A2","1.131"
"2021-09-30T17:34:22.000Z","A3","1.052"
"2021-09-30T17:34:22.000Z","A4","1.067"
"2021-09-30T17:34:22.000Z","A5","1.059"
"2021-09-30T17:34:22.000Z","A6","1.065"
"2021-09-30T17:34:22.000Z","A7","0.18"
"2021-09-30T17:34:22.000Z","A8","0.205"
"2021-09-30T17:34:22.000Z","A9","0.182"
"2021-09-30T17:34:22.000Z","B1","1.112"
"2021-09-30T17:34:22.000Z","B10","0.195"
"2021-09-30T17:34:22.000Z","B11","0.188"
"2021-09-30T17:34:22.000Z","B12","0.181"
"2021-09-30T17:34:22.000Z","B2","1.133"
"2021-09-30T17:34:22.000Z","B3","1.135"
"2021-09-30T17:34:22.000Z","B4","1.119"
"2021-09-30T17:34:22.000Z","B5","1.091"
"2021-09-30T17:34:22.000Z","B6","1.115"
"2021-09-30T17:34:22.000Z","B7","0.202"
"2021-09-30T17:34:22.000Z","B8","0.205"
"2021-09-30T17:34:22.000Z","B9","0.197"
"2021-09-30T17:34:22.000Z","C1","1.115"
"2021-09-30T17:34:22.000Z","C10","0.19"
"2021-09-30T17:34:22.000Z","C11","0.195"
"2021-09-30T17:34:22.000Z","C12","0.184"
"2021-09-30T17:34:22.000Z","C2","1.119"
"2021-09-30T17:34:22.000Z","C3","1.089"
"2021-09-30T17:34:22.000Z","C4","1.141"
"2021-09-30T17:34:22.000Z","C5","1.187"
"2021-09-30T17:34:22.000Z","C6","1.124"
"2021-09-30T17:34:22.000Z","C7","0.183"
"2021-09-30T17:34:22.000Z","C8","0.193"
"2021-09-30T17:34:22.000Z","C9","0.179"
"2021-09-30T17:34:22.000Z","D1","1.117"
"2021-09-30T17:34:22.000Z","D10","0.178"
"2021-09-30T17:34:22.000Z","D11","0.203"
"2021-09-30T17:34:22.000Z","D12","0.187"
"2021-09-30T17:34:22.000Z","D2","1.141"
"2021-09-30T17:34:22.000Z","D3","1.122"
"2021-09-30T17:34:22.000Z","D4","1.063"
"2021-09-30T17:34:22.000Z","D5","1.098"
"2021-09-30T17:34:22.000Z","D6","1.1"
"2021-09-30T17:34:22.000Z","D7","0.184"
"2021-09-30T17:34:22.000Z","D8","0.183"
"2021-09-30T17:34:22.000Z","D9","0.182"
"2021-09-30T17:34:22.000Z","E1","1.155"
"2021-09-30T17:34:22.000Z","E10","0.196"
"2021-09-30T17:34:22.000Z","E11","0.211"
"2021-09-30T17:34:22.000Z","E12","0.195"
"2021-09-30T17:34:22.000Z","E2","1.223"
"2021-09-30T17:34:22.000Z","E3","1.177"
"2021-09-30T17:34:22.000Z","E4","1.124"
"2021-09-30T17:34:22.000Z","E5","1.175"
"2021-09-30T17:34:22.000Z","E6","1.178"
"2021-09-30T17:34:22.000Z","E7","0.19"
"2021-09-30T17:34:22.000Z","E8","0.224"
"2021-09-30T17:34:22.000Z","E9","0.206"
"2021-09-30T17:34:22.000Z","F1","1.182"
"2021-09-30T17:34:22.000Z","F10","0.181"
"2021-09-30T17:34:22.000Z","F11","0.209"
"2021-09-30T17:34:22.000Z","F12","0.196"
"2021-09-30T17:34:22.000Z","F2","1.156"
"2021-09-30T17:34:22.000Z","F3","1.157"
"2021-09-30T17:34:22.000Z","F4","1.081"
"2021-09-30T17:34:22.000Z","F5","1.187"
"2021-09-30T17:34:22.000Z","F6","1.141"
"2021-09-30T17:34:22.000Z","F7","0.191"
"2021-09-30T17:34:22.000Z","F8","0.215"
"2021-09-30T17:34:22.000Z","F9","0.213"
"2021-09-30T17:34:22.000Z","G1","1.11"
"2021-09-30T17:34:22.000Z","G10","0.177"
"2021-09-30T17:34:22.000Z","G11","0.174"
"2021-09-30T17:34:22.000Z","G12","0.201"
"2021-09-30T17:34:22.000Z","G2","1.128"
"2021-09-30T17:34:22.000Z","G3","1.18"
"2021-09-30T17:34:22.000Z","G4","1.069"
"2021-09-30T17:34:22.000Z","G5","1.031"
"2021-09-30T17:34:22.000Z","G6","1.142"
"2021-09-30T17:34:22.000Z","G7","0.184"
"2021-09-30T17:34:22.000Z","G8","0.22"
"2021-09-30T17:34:22.000Z","G9","0.201"
"2021-09-30T17:34:22.000Z","H1","1.153"
"2021-09-30T17:34:22.000Z","H10","0.173"
"2021-09-30T17:34:22.000Z","H11","0.168"
"2021-09-30T17:34:22.000Z","H12","0.19"
"2021-09-30T17:34:22.000Z","H2","1.083"
"2021-09-30T17:34:22.000Z","H3","1.12"
"2021-09-30T17:34:22.000Z","H4","1.076"
"2021-09-30T17:34:22.000Z","H5","1.071"
"2021-09-30T17:34:22.000Z","H6","1.095"
"2021-09-30T17:34:22.000Z","H7","0.199"
"2021-09-30T17:34:22.000Z","H8","0.176"
"2021-09-30T17:34:22.000Z","H9","0.178"
"2021-09-30T18:34:59.000Z","A1","1.111"
"2021-09-30T18:34:59.000Z","A10","0.192"
"2021-09-30T18:34:59.000Z","A11","0.194"
"2021-09-30T18:34:59.000Z","A12","0.179"
"2021-09-30T18:34:59.000Z","A2","1.095"
"2021-09-30T18:34:59.000Z","A3","1.108"
"2021-09-30T18:34:59.000Z","A4","1.043"
"2021-09-30T18:34:59.000Z","A5","1.173"
"2021-09-30T18:34:59.000Z","A6","1.078"
"2021-09-30T18:34:59.000Z","A7","0.208"
"2021-09-30T18:34:59.000Z","A8","0.18"
"2021-09-30T18:34:59.000Z","A9","0.191"
"2021-09-30T18:34:59.000Z","B1","1.086"
"2021-09-30T18:34:59.000Z","B10","0.182"
"2021-09-30T18:34:59.000Z","B11","0.217"
"2021-09-30T18:34:59.000Z","B12","0.185"
"2021-09-30T18:34:59.000Z","B2","1.103"
"2021-09-30T18:34:59.000Z","B3","1.144"
"2021-09-30T18:34:59.000Z","B4","1.069"
"2021-09-30T18:34:59.000Z","B5","1.155"
"2021-09-30T18:34:59.000Z","B6","1.073"
"2021-09-30T18:34:59.000Z","B7","0.179"
"2021-09-30T18:34:59.000Z","B8","0.177"
"2021-09-30T18:34:59.000Z","B9","0.205"
"2021-09-30T18:34:59.000Z","C1","1.089"
"2021-09-30T18:34:59.000Z","C10","0.187"
"2021-09-30T18:34:59.000Z","C11","0.178"
"2021-09-30T18:34:59.000Z","C12","0.187"
"2021-09-30T18:34:59.000Z","C2","1.073"
"2021-09-30T18:34:59.000Z","C3","1.158"
"2021-09-30T18:34:59.000Z","C4","1.066"
"2021-09-30T18:34:59.000Z","C5","1.057"
"2021-09-30T18:34:59.000Z","C6","1.137"
"2021-09-30T18:34:59.000Z","C7","0.185"
"2021-09-30T18:34:59.000Z","C8","0.173"
"2021-09-30T18:34:59.000Z","C9","0.2"
"2021-09-30T18:34:59.000Z","D1","1.104"
"2021-09-30T18:34:59.000Z","D10","0.187"
"2021-09-30T18:34:59.000Z","D11","0.175"
"2021-09-30T18:34:59.000Z","D12","0.187"
"2021-09-30T18:34:59.000Z","D2","1.085"
"2021-09-30T18:34:59.000Z","D3","1.147"
"2021-09-30T18:34:59.000Z","D4","1.152"
"2021-09-30T18:34:59.000Z","D5","1.071"
"2021-09-30T18:34:59.000Z","D6","1.145"
"2021-09-30T18:34:59.000Z","D7","0.198"
"2021-09-30T18:34:59.000Z","D8","0.204"
"2021-09-30T18:34:59.000Z","D9","0.205"
"2021-09-30T18:34:59.000Z","E1","1.143"
"2021-09-30T18:34:59.000Z","E10","0.215"
"2021-09-30T18:34:59.000Z","E11","0.186"
"2021-09-30T18:34:59.000Z","E12","0.207"
"2021-09-30T18:34:59.000Z","E2","1.165"
"2021-09-30T18:34:59.000Z","E3","1.146"
"2021-09-30T18:34:59.000Z","E4","1.202"
"2021-09-30T18:34:59.000Z","E5","1.084"
"2021-09-30T18:34:59.000Z","E6","1.128"
"2021-09-30T18:34:59.000Z","E7","0.186"
"2021-09-30T18:34:59.000Z","E8","0.193"
"2021-09-30T18:34:59.000Z","E9","0.223"
"2021-09-30T18:34:59.000Z","F1","1.166"
"2021-09-30T18:34:59.000Z","F10","0.198"
"2021-09-30T18:34:59.000Z","F11","0.184"
"2021-09-30T18:34:59.000Z","F12","0.195"
"2021-09-30T18:34:59.000Z","F2","1.158"
"2021-09-30T18:34:59.000Z","F3","1.185"
"2021-09-30T18:34:59.000Z","F4","1.135"
"2021-09-30T18:34:59.000Z","F5","1.099"
"2021-09-30T18:34:59.000Z","F6","1.135"
"2021-09-30T18:34:59.000Z","F7","0.223"
"2021-09-30T18:34:59.000Z","F8","0.197"
"2021-09-30T18:34:59.000Z","F9","0.217"
"2021-09-30T18:34:59.000Z","G1","1.114"
"2021-09-30T18:34:59.000Z","G10","0.201"
"2021-09-30T18:34:59.000Z","G11","0.207"
"2021-09-30T18:34:59.000Z","G12","0.191"
"2021-09-30T18:34:59.000Z","G2","1.116"
"2021-09-30T18:34:59.000Z","G3","1.159"
"2021-09-30T18:34:59.000Z","G4","1.162"
"2021-09-30T18:34:59.000Z","G5","1.108"
"2021-09-30T18:34:59.000Z","G6","1.129"
"2021-09-30T18:34:59.000Z","G7","0.212"
"2021-09-30T18:34:59.000Z","G8","0.188"
"2021-09-30T18:34:59.000Z","G9","0.207"
"2021-09-30T18:34:59.000Z","H1","1.165"
"2021-09-30T18:34:59.000Z","H10","0.223"
"2021-09-30T18:34:59.000Z","H11","0.189"
"2021-09-30T18:34:59.000Z","H12","0.189"
"2021-09-30T18:34:59.000Z","H2","1.129"
"2021-09-30T18:34:59.000Z","H3","1.155"
"2021-09-30T18:34:59.000Z","H4","1.198"
"2021-09-30T18:34:59.000Z","H5","1.128"
"2021-09-30T18:34:59.000Z","H6","1.109"
"2021-09-30T18:34:59.000Z","H7","0.195"
"2021-09-30T18:34:59.000Z","H8","0.182"
"2021-09-30T18:34:59.000Z","H9","0.187"
"2021-09-30T19:35:03.000Z","A1","1.066"
"2021-09-30T19:35:03.000Z","A10","0.18"
"2021-09-30T19:35:03.000Z","A11","0.185"
"2021-09-30T19:35:03.000Z","A12","0.193"
"2021-09-30T19:35:03.000Z","A2","1.135"
"2021-09-30T19:35:03.000Z","A3","1.098"
"2021-09-30T19:35:03.000Z","A4","1.07"
"2021-09-30T19:35:03.000Z","A5","1.076"
"2021-09-30T19:35:03.000Z","A6","1.065"
"2021-09-30T19:35:03.000Z","A7","0.187"
"2021-09-30T19:35:03.000Z","A8","0.196"
"2021-09-30T19:35:03.000Z","A9","0.193"
"2021-09-30T19:35:03.000Z","B1","1.135"
"2021-09-30T19:35:03.000Z","B10","0.184"
"2021-09-30T19:35:03.000Z","B11","0.195"
"2021-09-30T19:35:03.000Z","B12","0.194"
"2021-09-30T19:35:03.000Z","B2","1.094"
"2021-09-30T19:35:03.000Z","B3","1.135"
"2021-09-30T19:35:03.000Z","B4","1.107"
"2021-09-30T19:35:03.000Z","B5","1.151"
"2021-09-30T19:35:03.000Z","B6","1.078"
"2021-09-30T19:35:03.000Z","B7","0.233"
"2021-09-30T19:35:03.000Z","B8","0.188"
"2021-09-30T19:35:03.000Z","B9","0.19"
"2021-09-30T19:35:03.000Z","C1","1.1"
"2021-09-30T19:35:03.000Z","C10","0.178"
"2021-09-30T19:35:03.000Z","C11","0.185"
"2021-09-30T19:35:03.000Z","C12","0.178"
"2021-09-30T19:35:03.000Z","C2","1.1"
"2021-09-30T19:35:03.000Z","C3","1.077"
"2021-09-30T19:35:03.000Z","C4","1.088"
"2021-09-30T19:35:03.000Z","C5","1.083"
"2021-09-30T19:35:03.000Z","C6","1.073"
"2021-09-30T19:35:03.000Z","C7","0.197"
"2021-09-30T19:35:03.000Z","C8","0.174"
"2021-09-30T19:35:03.000Z","C9","0.198"
"2021-09-30T19:35:03.000Z","D1","1.099"
"2021-09-30T19:35:03.000Z","D10","0.187"
"2021-09-30T19:35:03.000Z","D11","0.207"
"2021-09-30T19:35:03.000Z","D12","0.18"
"2021-09-30T19:35:03.000Z","D2","1.082"
"2021-09-30T19:35:03.000Z","D3","1.069"
"2021-09-30T19:35:03.000Z","D4","1.093"
"2021-09-30T19:35:03.000Z","D5","1.101"
"2021-09-30T19:35:03.000Z","D6","1.077"
"2021-09-30T19:35:03.000Z","D7","0.196"
"2021-09-30T19:35:03.000Z","D8","0.185"
"2021-09-30T19:35:03.000Z","D9","0.183"
"2021-09-30T19:35:03.000Z","E1","1.176"
"2021-09-30T19:35:03.000Z","E10","0.229"
"2021-09-30T19:35:03.000Z","E11","0.215"
"2021-09-30T19:35:03.000Z","E12","0.183"
"2021-09-30T19:35:03.000Z","E2","1.185"
"2021-09-30T19:35:03.000Z","E3","1.128"
"2021-09-30T19:35:03.000Z","E4","1.187"
"2021-09-30T19:35:03.000Z","E5","1.248"
"2021-09-30T19:35:03.000Z","E6","1.073"
"2021-09-30T19:35:03.000Z","E7","0.225"
"2021-09-30T19:35:03.000Z","E8","0.213"
"2021-09-30T19:35:03.000Z","E9","0.21"
"2021-09-30T19:35:03.000Z","F1","1.159"
"2021-09-30T19:35:03.000Z","F10","0.215"
"2021-09-30T19:35:03.000Z","F11","0.203"
"2021-09-30T19:35:03.000Z","F12","0.18"
"2021-09-30T19:35:03.000Z","F2","1.103"
"2021-09-30T19:35:03.000Z","F3","1.088"
"2021-09-30T19:35:03.000Z","F4","1.188"
"2021-09-30T19:35:03.000Z","F5","1.2"
"2021-09-30T19:35:03.000Z","F6","1.088"
"2021-09-30T19:35:03.000Z","F7","0.226"
"2021-09-30T19:35:03.000Z","F8","0.205"
"2021-09-30T19:35:03.000Z","F9","0.203"
"2021-09-30T19:35:03.000Z","G1","1.106"
"2021-09-30T19:35:03.000Z","G10","0.201"
"2021-09-30T19:35:03.000Z","G11","0.209"
"2021-09-30T19:35:03.000Z","G12","0.193"
"2021-09-30T19:35:03.000Z","G2","1.157"
"2021-09-30T19:35:03.000Z","G3","1.108"
"2021-09-30T19:35:03.000Z","G4","1.17"
"2021-09-30T19:35:03.000Z","G5","1.19"
"2021-09-30T19:35:03.000Z","G6","1.143"
"2021-09-30T19:35:03.000Z","G7","0.196"
"2021-09-30T19:35:03.000Z","G8","0.197"
"2021-09-30T19:35:03.000Z","G9","0.203"
"2021-09-30T19:35:03.000Z","H1","1.117"
"2021-09-30T19:35:03.000Z","H10","0.188"
"2021-09-30T19:35:03.000Z","H11","0.197"
"2021-09-30T19:35:03.000Z","H12","0.202"
"2021-09-30T19:35:03.000Z","H2","1.179"
"2021-09-30T19:35:03.000Z","H3","1.11"
"2021-09-30T19:35:03.000Z","H4","1.092"
"2021-09-30T19:35:03.000Z","H5","1.17"
"2021-09-30T19:35:03.000Z","H6","1.118"
"2021-09-30T19:35:03.000Z","H7","0.191"
"2021-09-30T19:35:03.000Z","H8","0.193"
"2021-09-30T19:35:03.000Z","H9","0.178"
"2021-09-30T20:35:03.000Z","A1","1.114"
"2021-09-30T20:35:03.000Z","A10","0.197"
"2021-09-30T20:35:03.000Z","A11","0.191"
"2021-09-30T20:35:03.000Z","A12","0.205"
"2021-09-30T20:35:03.000Z","A2","1.147"
"2021-09-30T20:35:03.000Z","A3","1.094"
"2021-09-30T20:35:03.000Z","A4","1.107"
"2021-09-30T20:35:03.000Z","A5","1.118"
"2021-09-30T20:35:03.000Z","A6","1.078"
"2021-09-30T20:35:03.000Z","A7","0.209"
"2021-09-30T20:35:03.000Z","A8","0.197"
"2021-09-30T20:35:03.000Z","A9","0.182"
"2021-09-30T20:35:03.000Z","B1","1.132"
"2021-09-30T20:35:03.000Z","B10","0.19"
"2021-09-30T20:35:03.000Z","B11","0.21"
"2021-09-30T20:35:03.000Z","B12","0.19"
"2021-09-30T20:35:03.000Z","B2","1.181"
"2021-09-30T20:35:03.000Z","B3","1.163"
"2021-09-30T20:35:03.000Z","B4","1.136"
"2021-09-30T20:35:03.000Z","B5","1.216"
"2021-09-30T20:35:03.000Z","B6","1.128"
"2021-09-30T20:35:03.000Z","B7","0.193"
"2021-09-30T20:35:03.000Z","B8","0.2"
"2021-09-30T20:35:03.000Z","B9","0.201"
"2021-09-30T20:35:03.000Z","C1","1.121"
"2021-09-30T20:35:03.000Z","C10","0.215"
"2021-09-30T20:35:03.000Z","C11","0.183"
"2021-09-30T20:35:03.000Z","C12","0.201"
"2021-09-30T20:35:03.000Z","C2","1.086"
"2021-09-30T20:35:03.000Z","C3","1.104"
"2021-09-30T20:35:03.000Z","C4","1.169"
"2021-09-30T20:35:03.000Z","C5","1.093"
"2021-09-30T20:35:03.000Z","C6","1.132"
"2021-09-30T20:35:03.000Z","C7","0.193"
"2021-09-30T20:35:03.000Z","C8","0.193"
"2021-09-30T20:35:03.000Z","C9","0.209"
"2021-09-30T20:35:03.000Z","D1","1.096"
"2021-09-30T20:35:03.000Z","D10","0.179"
"2021-09-30T20:35:03.000Z","D11","0.185"
"2021-09-30T20:35:03.000Z","D12","0.192"
"2021-09-30T20:35:03.000Z","D2","1.101"
"2021-09-30T20:35:03.000Z","D3","1.162"
"2021-09-30T20:35:03.000Z","D4","1.096"
"2021-09-30T20:35:03.000Z","D5","1.076"
"2021-09-30T20:35:03.000Z","D6","1.201"
"2021-09-30T20:35:03.000Z","D7","0.183"
"2021-09-30T20:35:03.000Z","D8","0.186"
"2021-09-30T20:35:03.000Z","D9","0.198"
"2021-09-30T20:35:03.000Z","E1","1.126"
"2021-09-30T20:35:03.000Z","E10","0.225"
"2021-09-30T20:35:03.000Z","E11","0.211"
"2021-09-30T20:35:03.000Z","E12","0.215"
"2021-09-30T20:35:03.000Z","E2","1.107"
"2021-09-30T20:35:03.000Z","E3","1.191"
"2021-09-30T20:35:03.000Z","E4","1.226"
"2021-09-30T20:35:03.000Z","E5","1.128"
"2021-09-30T20:35:03.000Z","E6","1.164"
"2021-09-30T20:35:03.000Z","E7","0.203"
"2021-09-30T20:35:03.000Z","E8","0.193"
"2021-09-30T20:35:03.000Z","E9","0.245"
"2021-09-30T20:35:03.000Z","F1","1.16"
"2021-09-30T20:35:03.000Z","F10","0.203"
"2021-09-30T20:35:03.000Z","F11","0.19"
"2021-09-30T20:35:03.000Z","F12","0.224"
"2021-09-30T20:35:03.000Z","F2","1.13"
"2021-09-30T20:35:03.000Z","F3","1.225"
"2021-09-30T20:35:03.000Z","F4","1.188"
"2021-09-30T20:35:03.000Z","F5","1.14"
"2021-09-30T20:35:03.000Z","F6","1.209"
"2021-09-30T20:35:03.000Z","F7","0.207"
"2021-09-30T20:35:03.000Z","F8","0.197"
"2021-09-30T20:35:03.000Z","F9","0.226"
"2021-09-30T20:35:03.000Z","G1","1.148"
"2021-09-30T20:35:03.000Z","G10","0.206"
"2021-09-30T20:35:03.000Z","G11","0.195"
"2021-09-30T20:35:03.000Z","G12","0.199"
"2021-09-30T20:35:03.000Z","G2","1.169"
"2021-09-30T20:35:03.000Z","G3","1.149"
"2021-09-30T20:35:03.000Z","G4","1.191"
"2021-09-30T20:35:03.000Z","G5","1.106"
"2021-09-30T20:35:03.000Z","G6","1.167"
"2021-09-30T20:35:03.000Z","G7","0.229"
"2021-09-30T20:35:03.000Z","G8","0.202"
"2021-09-30T20:35:03.000Z","G9","0.201"
"2021-09-30T20:35:03.000Z","H1","1.111"
"2021-09-30T20:35:03.000Z","H10","0.208"
"2021-09-30T20:35:03.000Z","H11","0.193"
"2021-09-30T20:35:03.000Z","H12","0.189"
"2021-09-30T20:35:03.000Z","H2","1.136"
"2021-09-30T20:35:03.000Z","H3","1.137"
"2021-09-30T20:35:03.000Z","H4","1.244"
"2021-09-30T20:35:03.000Z","H5","1.142"
"2021-09-30T20:35:03.000Z","H6","1.12"
"2021-09-30T20:35:03.000Z","H7","0.184"
"2021-09-30T20:35:03.000Z","H8","0.191"
"2021-09-30T20:35:03.000Z","H9","0.199"
"2021-09-30T21:35:03.000Z","A1","1.153"
"2021-09-30T21:35:03.000Z","A10","0.201"
"2021-09-30T21:35:03.000Z","A11","0.197"
"2021-09-30T21:35:03.000Z","A12","0.222"
"2021-09-30T21:35:03.000Z","A2","1.115"
"2021-09-30T21:35:03.000Z","A3","1.08"
"2021-09-30T21:35:03.000Z","A4","1.083"
"2021-09-30T21:35:03.000Z","A5","1.15"
"2021-09-30T21:35:03.000Z","A6","1.151"
"2021-09-30T21:35:03.000Z","A7","0.202"
"2021-09-30T21:35:03.000Z","A8","0.202"
"2021-09-30T21:35:03.000Z","A9","0.193"
"2021-09-30T21:35:03.000Z","B1","1.178"
"2021-09-30T21:35:03.000Z","B10","0.218"
"2021-09-30T21:35:03.000Z","B11","0.228"
"2021-09-30T21:35:03.000Z","B12","0.203"
"2021-09-30T21:35:03.000Z","B2","1.195"
"2021-09-30T21:35:03.000Z","B3","1.127"
"2021-09-30T21:35:03.000Z","B4","1.151"
"2021-09-30T21:35:03.000Z","B5","1.214"
"2021-09-30T21:35:03.000Z","B6","1.105"
"2021-09-30T21:35:03.000Z","B7","0.198"
"2021-09-30T21:35:03.000Z","B8","0.224"
"2021-09-30T21:35:03.000Z","B9","0.204"
"2021-09-30T21:35:03.000Z","C1","1.124"
"2021-09-30T21:35:03.000Z","C10","0.191"
"2021-09-30T21:35:03.000Z","C11","0.195"
"2021-09-30T21:35:03.000Z","C12","0.185"
"2021-09-30T21:35:03.000Z","C2","1.12"
"2021-09-30T21:35:03.000Z","C3","1.163"
"2021-09-30T21:35:03.000Z","C4","1.09"
"2021-09-30T21:35:03.000Z","C5","1.126"
"2021-09-30T21:35:03.000Z","C6","1.103"
"2021-09-30T21:35:03.000Z","C7","0.189"
"2021-09-30T21:35:03.000Z","C8","0.219"
"2021-09-30T21:35:03.000Z","C9","0.198"
"2021-09-30T21:35:03.000Z","D1","1.104"
"2021-09-30T21:35:03.000Z","D10","0.191"
"2021-09-30T21:35:03.000Z","D11","0.193"
"2021-09-30T21:35:03.000Z","D12","0.218"
"2021-09-30T21:35:03.000Z","D2","1.181"
"2021-09-30T21:35:03.000Z","D3","1.126"
"2021-09-30T21:35:03.000Z","D4","1.149"
"2021-09-30T21:35:03.000Z","D5","1.154"
"2021-09-30T21:35:03.000Z","D6","1.17"
"2021-09-30T21:35:03.000Z","D7","0.19"
"2021-09-30T21:35:03.000Z","D8","0.2"
"2021-09-30T21:35:03.000Z","D9","0.208"
"2021-09-30T21:35:03.000Z","E1","1.191"
"2021-09-30T21:35:03.000Z","E10","0.201"
"2021-09-30T21:35:03.000Z","E11","0.23"
"2021-09-30T21:35:03.000Z","E12","0.204"
"2021-09-30T21:35:03.000Z","E2","1.212"
"2021-09-30T21:35:03.000Z","E3","1.254"
"2021-09-30T21:35:03.000Z","E4","1.099"
"2021-09-30T21:35:03.000Z","E5","1.23"
"2021-09-30T21:35:03.000Z","E6","1.198"
"2021-09-30T21:35:03.000Z","E7","0.207"
"2021-09-30T21:35:03.000Z","E8","0.227"
"2021-09-30T21:35:03.000Z","E9","0.226"
"2021-09-30T21:35:03.000Z","F1","1.181"
"2021-09-30T21:35:03.000Z","F10","0.203"
"2021-09-30T21:35:03.000Z","F11","0.228"
"2021-09-30T21:35:03.000Z","F12","0.207"
"2021-09-30T21:35:03.000Z","F2","1.212"
"2021-09-30T21:35:03.000Z","F3","1.188"
"2021-09-30T21:35:03.000Z","F4","1.124"
"2021-09-30T21:35:03.000Z","F5","1.26"
"2021-09-30T21:35:03.000Z","F6","1.185"
"2021-09-30T21:35:03.000Z","F7","0.228"
"2021-09-30T21:35:03.000Z","F8","0.232"
"2021-09-30T21:35:03.000Z","F9","0.208"
"2021-09-30T21:35:03.000Z","G1","1.116"
"2021-09-30T21:35:03.000Z","G10","0.196"
"2021-09-30T21:35:03.000Z","G11","0.195"
"2021-09-30T21:35:03.000Z","G12","0.211"
"2021-09-30T21:35:03.000Z","G2","1.197"
"2021-09-30T21:35:03.000Z","G3","1.174"
"2021-09-30T21:35:03.000Z","G4","1.191"
"2021-09-30T21:35:03.000Z","G5","1.137"
"2021-09-30T21:35:03.000Z","G6","1.186"
"2021-09-30T21:35:03.000Z","G7","0.196"
"2021-09-30T21:35:03.000Z","G8","0.215"
"2021-09-30T21:35:03.000Z","G9","0.225"
"2021-09-30T21:35:03.000Z","H1","1.154"
"2021-09-30T21:35:03.000Z","H10","0.186"
"2021-09-30T21:35:03.000Z","H11","0.196"
"2021-09-30T21:35:03.000Z","H12","0.257"
"2021-09-30T21:35:03.000Z","H2","1.197"
"2021-09-30T21:35:03.000Z","H3","1.271"
"2021-09-30T21:35:03.000Z","H4","1.118"
"2021-09-30T21:35:03.000Z","H5","1.128"
"2021-09-30T21:35:03.000Z","H6","1.244"
"2021-09-30T21:35:03.000Z","H7","0.196"
"2021-09-30T21:35:03.000Z","H8","0.185"
"2021-09-30T21:35:03.000Z","H9","0.224"
"2021-09-30T22:35:06.000Z","A1","1.129"
"2021-09-30T22:35:06.000Z","A10","0.196"
"2021-09-30T22:35:06.000Z","A11","0.202"
"2021-09-30T22:35:06.000Z","A12","0.195"
"2021-09-30T22:35:06.000Z","A2","1.146"
"2021-09-30T22:35:06.000Z","A3","1.151"
"2021-09-30T22:35:06.000Z","A4","1.073"
"2021-09-30T22:35:06.000Z","A5","1.137"
"2021-09-30T22:35:06.000Z","A6","1.125"
"2021-09-30T22:35:06.000Z","A7","0.214"
"2021-09-30T22:35:06.000Z","A8","0.214"
"2021-09-30T22:35:06.000Z","A9","0.201"
"2021-09-30T22:35:06.000Z","B1","1.115"
"2021-09-30T22:35:06.000Z","B10","0.218"
"2021-09-30T22:35:06.000Z","B11","0.206"
"2021-09-30T22:35:06.000Z","B12","0.195"
"2021-09-30T22:35:06.000Z","B2","1.157"
"2021-09-30T22:35:06.000Z","B3","1.17"
"2021-09-30T22:35:06.000Z","B4","1.13"
"2021-09-30T22:35:06.000Z","B5","1.178"
"2021-09-30T22:35:06.000Z","B6","1.117"
"2021-09-30T22:35:06.000Z","B7","0.212"
"2021-09-30T22:35:06.000Z","B8","0.223"
"2021-09-30T22:35:06.000Z","B9","0.201"
"2021-09-30T22:35:06.000Z","C1","1.102"
"2021-09-30T22:35:06.000Z","C10","0.192"
"2021-09-30T22:35:06.000Z","C11","0.194"
"2021-09-30T22:35:06.000Z","C12","0.202"
"2021-09-30T22:35:06.000Z","C2","1.102"
"2021-09-30T22:35:06.000Z","C3","1.22"
"2021-09-30T22:35:06.000Z","C4","1.082"
"2021-09-30T22:35:06.000Z","C5","1.145"
"2021-09-30T22:35:06.000Z","C6","1.178"
"2021-09-30T22:35:06.000Z","C7","0.21"
"2021-09-30T22:35:06.000Z","C8","0.209"
"2021-09-30T22:35:06.000Z","C9","0.223"
"2021-09-30T22:35:06.000Z","D1","1.101"
"2021-09-30T22:35:06.000Z","D10","0.191"
"2021-09-30T22:35:06.000Z","D11","0.207"
"2021-09-30T22:35:06.000Z","D12","0.196"
"2021-09-30T22:35:06.000Z","D2","1.136"
"2021-09-30T22:35:06.000Z","D3","1.188"
"2021-09-30T22:35:06.000Z","D4","1.139"
"2021-09-30T22:35:06.000Z","D5","1.144"
"2021-09-30T22:35:06.000Z","D6","1.205"
"2021-09-30T22:35:06.000Z","D7","0.208"
"2021-09-30T22:35:06.000Z","D8","0.2"
"2021-09-30T22:35:06.000Z","D9","0.2"
"2021-09-30T22:35:06.000Z","E1","1.165"
"2021-09-30T22:35:06.000Z","E10","0.208"
"2021-09-30T22:35:06.000Z","E11","0.203"
"2021-09-30T22:35:06.000Z","E12","0.218"
"2021-09-30T22:35:06.000Z","E2","1.162"
"2021-09-30T22:35:06.000Z","E3","1.236"
"2021-09-30T22:35:06.000Z","E4","1.214"
"2021-09-30T22:35:06.000Z","E5","1.158"
"2021-09-30T22:35:06.000Z","E6","1.211"
"2021-09-30T22:35:06.000Z","E7","0.223"
"2021-09-30T22:35:06.000Z","E8","0.197"
"2021-09-30T22:35:06.000Z","E9","0.278"
"2021-09-30T22:35:06.000Z","F1","1.168"
"2021-09-30T22:35:06.000Z","F10","0.224"
"2021-09-30T22:35:06.000Z","F11","0.197"
"2021-09-30T22:35:06.000Z","F12","0.214"
"2021-09-30T22:35:06.000Z","F2","1.185"
"2021-09-30T22:35:06.000Z","F3","1.188"
"2021-09-30T22:35:06.000Z","F4","1.24"
"2021-09-30T22:35:06.000Z","F5","1.159"
"2021-09-30T22:35:06.000Z","F6","1.229"
"2021-09-30T22:35:06.000Z","F7","0.245"
"2021-09-30T22:35:06.000Z","F8","0.195"
"2021-09-30T22:35:06.000Z","F9","0.212"
"2021-09-30T22:35:06.000Z","G1","1.156"
"2021-09-30T22:35:06.000Z","G10","0.22"
"2021-09-30T22:35:06.000Z","G11","0.198"
"2021-09-30T22:35:06.000Z","G12","0.213"
"2021-09-30T22:35:06.000Z","G2","1.13"
"2021-09-30T22:35:06.000Z","G3","1.194"
"2021-09-30T22:35:06.000Z","G4","1.234"
"2021-09-30T22:35:06.000Z","G5","1.151"
"2021-09-30T22:35:06.000Z","G6","1.155"
"2021-09-30T22:35:06.000Z","G7","0.203"
"2021-09-30T22:35:06.000Z","G8","0.195"
"2021-09-30T22:35:06.000Z","G9","0.202"
"2021-09-30T22:35:06.000Z","H1","1.14"
"2021-09-30T22:35:06.000Z","H10","0.223"
"2021-09-30T22:35:06.000Z","H11","0.2"
"2021-09-30T22:35:06.000Z","H12","0.197"
"2021-09-30T22:35:06.000Z","H2","1.143"
"2021-09-30T22:35:06.000Z","H3","1.151"
"2021-09-30T22:35:06.000Z","H4","1.281"
"2021-09-30T22:35:06.000Z","H5","1.168"
"2021-09-30T22:35:06.000Z","H6","1.14"
"2021-09-30T22:35:06.000Z","H7","0.191"
"2021-09-30T22:35:06.000Z","H8","0.195"
"2021-09-30T22:35:06.000Z","H9","0.206"
"2021-09-30T23:35:10.000Z","A1","1.176"
"2021-09-30T23:35:10.000Z","A10","0.202"
"2021-09-30T23:35:10.000Z","A11","0.214"
"2021-09-30T23:35:10.000Z","A12","0.208"
"2021-09-30T23:35:10.000Z","A2","1.16"
"2021-09-30T23:35:10.000Z","A3","1.195"
"2021-09-30T23:35:10.000Z","A4","1.132"
"2021-09-30T23:35:10.000Z","A5","1.168"
"2021-09-30T23:35:10.000Z","A6","1.15"
"2021-09-30T23:35:10.000Z","A7","0.212"
"2021-09-30T23:35:10.000Z","A8","0.199"
"2021-09-30T23:35:10.000Z","A9","0.204"
"2021-09-30T23:35:10.000Z","B1","1.12"
"2021-09-30T23:35:10.000Z","B10","0.195"
"2021-09-30T23:35:10.000Z","B11","0.226"
"2021-09-30T23:35:10.000Z","B12","0.198"
"2021-09-30T23:35:10.000Z","B2","1.171"
"2021-09-30T23:35:10.000Z","B3","1.188"
"2021-09-30T23:35:10.000Z","B4","1.182"
"2021-09-30T23:35:10.000Z","B5","1.223"
"2021-09-30T23:35:10.000Z","B6","1.179"
"2021-09-30T23:35:10.000Z","B7","0.196"
"2021-09-30T23:35:10.000Z","B8","0.188"
"2021-09-30T23:35:10.000Z","B9","0.209"
"2021-09-30T23:35:10.000Z","C1","1.129"
"2021-09-30T23:35:10.000Z","C10","0.196"
"2021-09-30T23:35:10.000Z","C11","0.217"
"2021-09-30T23:35:10.000Z","C12","0.209"
"2021-09-30T23:35:10.000Z","C2","1.216"
"2021-09-30T23:35:10.000Z","C3","1.125"
"2021-09-30T23:35:10.000Z","C4","1.123"
"2021-09-30T23:35:10.000Z","C5","1.212"
"2021-09-30T23:35:10.000Z","C6","1.209"
"2021-09-30T23:35:10.000Z","C7","0.198"
"2021-09-30T23:35:10.000Z","C8","0.206"
"2021-09-30T23:35:10.000Z","C9","0.191"
"2021-09-30T23:35:10.000Z","D1","1.127"
"2021-09-30T23:35:10.000Z","D10","0.191"
"2021-09-30T23:35:10.000Z","D11","0.197"
"2021-09-30T23:35:10.000Z","D12","0.205"
"2021-09-30T23:35:10.000Z","D2","1.219"
"2021-09-30T23:35:10.000Z","D3","1.2"
"2021-09-30T23:35:10.000Z","D4","1.138"
"2021-09-30T23:35:10.000Z","D5","1.226"
"2021-09-30T23:35:10.000Z","D6","1.156"
"2021-09-30T23:35:10.000Z","D7","0.196"
"2021-09-30T23:35:10.000Z","D8","0.208"
"2021-09-30T23:35:10.000Z","D9","0.196"
"2021-09-30T23:35:10.000Z","E1","1.157"
"2021-09-30T23:35:10.000Z","E10","0.223"
"2021-09-30T23:35:10.000Z","E11","0.264"
"2021-09-30T23:35:10.000Z","E12","0.263"
"2021-09-30T23:35:10.000Z","E2","1.235"
"2021-09-30T23:35:10.000Z","E3","1.286"
"2021-09-30T23:35:10.000Z","E4","1.138"
"2021-09-30T23:35:10.000Z","E5","1.255"
"2021-09-30T23:35:10.000Z","E6","1.211"
"2021-09-30T23:35:10.000Z","E7","0.196"
"2021-09-30T23:35:10.000Z","E8","0.235"
"2021-09-30T23:35:10.000Z","E9","0.226"
"2021-09-30T23:35:10.000Z","F1","1.186"
"2021-09-30T23:35:10.000Z","F10","0.223"
"2021-09-30T23:35:10.000Z","F11","0.271"
"2021-09-30T23:35:10.000Z","F12","0.251"
"2021-09-30T23:35:10.000Z","F2","1.206"
"2021-09-30T23:35:10.000Z","F3","1.2"
"2021-09-30T23:35:10.000Z","F4","1.126"
"2021-09-30T23:35:10.000Z","F5","1.309"
"2021-09-30T23:35:10.000Z","F6","1.219"
"2021-09-30T23:35:10.000Z","F7","0.21"
"2021-09-30T23:35:10.000Z","F8","0.217"
"2021-09-30T23:35:10.000Z","F9","0.204"
"2021-09-30T23:35:10.000Z","G1","1.157"
"2021-09-30T23:35:10.000Z","G10","0.21"
"2021-09-30T23:35:10.000Z","G11","0.207"
"2021-09-30T23:35:10.000Z","G12","0.258"
"2021-09-30T23:35:10.000Z","G2","1.151"
"2021-09-30T23:35:10.000Z","G3","1.248"
"2021-09-30T23:35:10.000Z","G4","1.17"
"2021-09-30T23:35:10.000Z","G5","1.188"
"2021-09-30T23:35:10.000Z","G6","1.272"
"2021-09-30T23:35:10.000Z","G7","0.201"
"2021-09-30T23:35:10.000Z","G8","0.189"
"2021-09-30T23:35:10.000Z","G9","0.222"
"2021-09-30T23:35:10.000Z","H1","1.18"
"2021-09-30T23:35:10.000Z","H10","0.195"
"2021-09-30T23:35:10.000Z","H11","0.214"
"2021-09-30T23:35:10.000Z","H12","0.212"
"2021-09-30T23:35:10.000Z","H2","1.158"
"2021-09-30T23:35:10.000Z","H3","1.225"
"2021-09-30T23:35:10.000Z","H4","1.143"
"2021-09-30T23:35:10.000Z","H5","1.2"
"2021-09-30T23:35:10.000Z","H6","1.215"
"2021-09-30T23:35:10.000Z","H7","0.208"
"2021-09-30T23:35:10.000Z","H8","0.192"
"2021-09-30T23:35:10.000Z","H9","0.202"
"2021-10-01T00:35:08.000Z","A1","1.091"
"2021-10-01T00:35:08.000Z","A10","0.209"
"2021-10-01T00:35:08.000Z","A11","0.226"
"2021-10-01T00:35:08.000Z","A12","0.204"
"2021-10-01T00:35:08.000Z","A2","1.143"
"2021-10-01T00:35:08.000Z","A3","1.19"
"2021-10-01T00:35:08.000Z","A4","1.112"
"2021-10-01T00:35:08.000Z","A5","1.162"
"2021-10-01T00:35:08.000Z","A6","1.174"
"2021-10-01T00:35:08.000Z","A7","0.203"
"2021-10-01T00:35:08.000Z","A8","0.206"
"2021-10-01T00:35:08.000Z","A9","0.201"
"2021-10-01T00:35:08.000Z","B1","1.138"
"2021-10-01T00:35:08.000Z","B10","0.2"
"2021-10-01T00:35:08.000Z","B11","0.211"
"2021-10-01T00:35:08.000Z","B12","0.242"
"2021-10-01T00:35:08.000Z","B2","1.127"
"2021-10-01T00:35:08.000Z","B3","1.226"
"2021-10-01T00:35:08.000Z","B4","1.189"
"2021-10-01T00:35:08.000Z","B5","1.204"
"2021-10-01T00:35:08.000Z","B6","1.217"
"2021-10-01T00:35:08.000Z","B7","0.201"
"2021-10-01T00:35:08.000Z","B8","0.205"
"2021-10-01T00:35:08.000Z","B9","0.216"
"2021-10-01T00:35:08.000Z","C1","1.135"
"2021-10-01T00:35:08.000Z","C10","0.194"
"2021-10-01T00:35:08.000Z","C11","0.203"
"2021-10-01T00:35:08.000Z","C12","0.226"
"2021-10-01T00:35:08.000Z","C2","1.135"
"2021-10-01T00:35:08.000Z","C3","1.227"
"2021-10-01T00:35:08.000Z","C4","1.131"
"2021-10-01T00:35:08.000Z","C5","1.204"
"2021-10-01T00:35:08.000Z","C6","1.242"
"2021-10-01T00:35:08.000Z","C7","0.199"
"2021-10-01T00:35:08.000Z","C8","0.194"
"2021-10-01T00:35:08.000Z","C9","0.21"
"2021-10-01T00:35:08.000Z","D1","1.11"
"2021-10-01T00:35:08.000Z","D10","0.21"
"2021-10-01T00:35:08.000Z","D11","0.196"
"2021-10-01T00:35:08.000Z","D12","0.231"
"2021-10-01T00:35:08.000Z","D2","1.133"
"2021-10-01T00:35:08.000Z","D3","1.212"
"2021-10-01T00:35:08.000Z","D4","1.153"
"2021-10-01T00:35:08.000Z","D5","1.171"
"2021-10-01T00:35:08.000Z","D6","1.308"
"2021-10-01T00:35:08.000Z","D7","0.192"
"2021-10-01T00:35:08.000Z","D8","0.221"
"2021-10-01T00:35:08.000Z","D9","0.208"
"2021-10-01T00:35:08.000Z","E1","1.13"
"2021-10-01T00:35:08.000Z","E10","0.225"
"2021-10-01T00:35:08.000Z","E11","0.208"
"2021-10-01T00:35:08.000Z","E12","0.255"
"2021-10-01T00:35:08.000Z","E2","1.195"
"2021-10-01T00:35:08.000Z","E3","1.235"
"2021-10-01T00:35:08.000Z","E4","1.265"
"2021-10-01T00:35:08.000Z","E5","1.166"
"2021-10-01T00:35:08.000Z","E6","1.224"
"2021-10-01T00:35:08.000Z","E7","0.203"
"2021-10-01T00:35:08.000Z","E8","0.198"
"2021-10-01T00:35:08.000Z","E9","0.225"
"2021-10-01T00:35:08.000Z","F1","1.218"
"2021-10-01T00:35:08.000Z","F10","0.227"
"2021-10-01T00:35:08.000Z","F11","0.214"
"2021-10-01T00:35:08.000Z","F12","0.232"
"2021-10-01T00:35:08.000Z","F2","1.167"
"2021-10-01T00:35:08.000Z","F3","1.223"
"2021-10-01T00:35:08.000Z","F4","1.241"
"2021-10-01T00:35:08.000Z","F5","1.195"
"2021-10-01T00:35:08.000Z","F6","1.291"
"2021-10-01T00:35:08.000Z","F7","0.216"
"2021-10-01T00:35:08.000Z","F8","0.215"
"2021-10-01T00:35:08.000Z","F9","0.22"
"2021-10-01T00:35:08.000Z","G1","1.174"
"2021-10-01T00:35:08.000Z","G10","0.227"
"2021-10-01T00:35:08.000Z","G11","0.208"
"2021-10-01T00:35:08.000Z","G12","0.216"
"2021-10-01T00:35:08.000Z","G2","1.159"
"2021-10-01T00:35:08.000Z","G3","1.167"
"2021-10-01T00:35:08.000Z","G4","1.271"
"2021-10-01T00:35:08.000Z","G5","1.176"
"2021-10-01T00:35:08.000Z","G6","1.221"
"2021-10-01T00:35:08.000Z","G7","0.205"
"2021-10-01T00:35:08.000Z","G8","0.209"
"2021-10-01T00:35:08.000Z","G9","0.203"
"2021-10-01T00:35:08.000Z","H1","1.131"
"2021-10-01T00:35:08.000Z","H10","0.216"
"2021-10-01T00:35:08.000Z","H11","0.209"
"2021-10-01T00:35:08.000Z","H12","0.196"
"2021-10-01T00:35:08.000Z","H2","1.15"
"2021-10-01T00:35:08.000Z","H3","1.276"
"2021-10-01T00:35:08.000Z","H4","1.194"
"2021-10-01T00:35:08.000Z","H5","1.202"
"2021-10-01T00:35:08.000Z","H6","1.181"
"2021-10-01T00:35:08.000Z","H7","0.202"
"2021-10-01T00:35:08.000Z","H8","0.204"
"2021-10-01T00:35:08.000Z","H9","0.222"
"2021-10-01T01:35:12.000Z","A1","1.113"
"2021-10-01T01:35:12.000Z","A10","0.208"
"2021-10-01T01:35:12.000Z","A11","0.211"
"2021-10-01T01:35:12.000Z","A12","0.22"
"2021-10-01T01:35:12.000Z","A2","1.157"
"2021-10-01T01:35:12.000Z","A3","1.133"
"2021-10-01T01:35:12.000Z","A4","1.155"
"2021-10-01T01:35:12.000Z","A5","1.203"
"2021-10-01T01:35:12.000Z","A6","1.228"
"2021-10-01T01:35:12.000Z","A7","0.225"
"2021-10-01T01:35:12.000Z","A8","0.202"
"2021-10-01T01:35:12.000Z","A9","0.214"
"2021-10-01T01:35:12.000Z","B1","1.202"
"2021-10-01T01:35:12.000Z","B10","0.203"
"2021-10-01T01:35:12.000Z","B11","0.228"
"2021-10-01T01:35:12.000Z","B12","0.206"
"2021-10-01T01:35:12.000Z","B2","1.218"
"2021-10-01T01:35:12.000Z","B3","1.215"
"2021-10-01T01:35:12.000Z","B4","1.232"
"2021-10-01T01:35:12.000Z","B5","1.211"
"2021-10-01T01:35:12.000Z","B6","1.234"
"2021-10-01T01:35:12.000Z","B7","0.206"
"2021-10-01T01:35:12.000Z","B8","0.224"
"2021-10-01T01:35:12.000Z","B9","0.215"
"2021-10-01T01:35:12.000Z","C1","1.131"
"2021-10-01T01:35:12.000Z","C10","0.202"
"2021-10-01T01:35:12.000Z","C11","0.201"
"2021-10-01T01:35:12.000Z","C12","0.197"
"2021-10-01T01:35:12.000Z","C2","1.215"
"2021-10-01T01:35:12.000Z","C3","1.15"
"2021-10-01T01:35:12.000Z","C4","1.169"
"2021-10-01T01:35:12.000Z","C5","1.212"
"2021-10-01T01:35:12.000Z","C6","1.151"
"2021-10-01T01:35:12.000Z","C7","0.217"
"2021-10-01T01:35:12.000Z","C8","0.203"
"2021-10-01T01:35:12.000Z","C9","0.2"
"2021-10-01T01:35:12.000Z","D1","1.18"
"2021-10-01T01:35:12.000Z","D10","0.198"
"2021-10-01T01:35:12.000Z","D11","0.219"
"2021-10-01T01:35:12.000Z","D12","0.214"
"2021-10-01T01:35:12.000Z","D2","1.239"
"2021-10-01T01:35:12.000Z","D3","1.208"
"2021-10-01T01:35:12.000Z","D4","1.163"
"2021-10-01T01:35:12.000Z","D5","1.315"
"2021-10-01T01:35:12.000Z","D6","1.251"
"2021-10-01T01:35:12.000Z","D7","0.205"
"2021-10-01T01:35:12.000Z","D8","0.216"
"2021-10-01T01:35:12.000Z","D9","0.196"
"2021-10-01T01:35:12.000Z","E1","1.159"
"2021-10-01T01:35:12.000Z","E10","0.198"
"2021-10-01T01:35:12.000Z","E11","0.242"
"2021-10-01T01:35:12.000Z","E12","0.233"
"2021-10-01T01:35:12.000Z","E2","1.233"
"2021-10-01T01:35:12.000Z","E3","1.219"
"2021-10-01T01:35:12.000Z","E4","1.162"
"2021-10-01T01:35:12.000Z","E5","1.287"
"2021-10-01T01:35:12.000Z","E6","1.302"
"2021-10-01T01:35:12.000Z","E7","0.207"
"2021-10-01T01:35:12.000Z","E8","0.247"
"2021-10-01T01:35:12.000Z","E9","0.214"
"2021-10-01T01:35:12.000Z","F1","1.173"
"2021-10-01T01:35:12.000Z","F10","0.224"
"2021-10-01T01:35:12.000Z","F11","0.266"
"2021-10-01T01:35:12.000Z","F12","0.224"
"2021-10-01T01:35:12.000Z","F2","1.225"
"2021-10-01T01:35:12.000Z","F3","1.277"
"2021-10-01T01:35:12.000Z","F4","1.188"
"2021-10-01T01:35:12.000Z","F5","1.291"
"2021-10-01T01:35:12.000Z","F6","1.294"
"2021-10-01T01:35:12.000Z","F7","0.208"
"2021-10-01T01:35:12.000Z","F8","0.211"
"2021-10-01T01:35:12.000Z","F9","0.228"
"2021-10-01T01:35:12.000Z","G1","1.231"
"2021-10-01T01:35:12.000Z","G10","0.217"
"2021-10-01T01:35:12.000Z","G11","0.213"
"2021-10-01T01:35:12.000Z","G12","0.247"
"2021-10-01T01:35:12.000Z","G2","1.175"
"2021-10-01T01:35:12.000Z","G3","1.254"
"2021-10-01T01:35:12.000Z","G4","1.19"
"2021-10-01T01:35:12.000Z","G5","1.261"
"2021-10-01T01:35:12.000Z","G6","1.281"
"2021-10-01T01:35:12.000Z","G7","0.22"
"2021-10-01T01:35:12.000Z","G8","0.202"
"2021-10-01T01:35:12.000Z","G9","0.228"
"2021-10-01T01:35:12.000Z","H1","1.165"
"2021-10-01T01:35:12.000Z","H10","0.204"
"2021-10-01T01:35:12.000Z","H11","0.244"
"2021-10-01T01:35:12.000Z","H12","0.225"
"2021-10-01T01:35:12.000Z","H2","1.167"
"2021-10-01T01:35:12.000Z","H3","1.242"
"2021-10-01T01:35:12.000Z","H4","1.203"
"2021-10-01T01:35:12.000Z","H5","1.211"
"2021-10-01T01:35:12.000Z","H6","1.261"
"2021-10-01T01:35:12.000Z","H7","0.212"
"2021-10-01T01:35:12.000Z","H8","0.192"
"2021-10-01T01:35:12.000Z","H9","0.213"
"2021-10-01T02:35:09.000Z","A1","1.187"
"2021-10-01T02:35:09.000Z","A10","0.204"
"2021-10-01T02:35:09.000Z","A11","0.232"
"2021-10-01T02:35:09.000Z","A12","0.247"
"2021-10-01T02:35:09.000Z","A2","1.237"
"2021-10-01T02:35:09.000Z","A3","1.168"
"2021-10-01T02:35:09.000Z","A4","1.17"
"2021-10-01T02:35:09.000Z","A5","1.23"
"2021-10-01T02:35:09.000Z","A6","1.202"
"2021-10-01T02:35:09.000Z","A7","0.215"
"2021-10-01T02:35:09.000Z","A8","0.214"
"2021-10-01T02:35:09.000Z","A9","0.202"
"2021-10-01T02:35:09.000Z","B1","1.168"
"2021-10-01T02:35:09.000Z","B10","0.208"
"2021-10-01T02:35:09.000Z","B11","0.247"
"2021-10-01T02:35:09.000Z","B12","0.209"
"2021-10-01T02:35:09.000Z","B2","1.188"
"2021-10-01T02:35:09.000Z","B3","1.228"
"2021-10-01T02:35:09.000Z","B4","1.202"
"2021-10-01T02:35:09.000Z","B5","1.271"
"2021-10-01T02:35:09.000Z","B6","1.24"
"2021-10-01T02:35:09.000Z","B7","0.21"
"2021-10-01T02:35:09.000Z","B8","0.212"
"2021-10-01T02:35:09.000Z","B9","0.201"
"2021-10-01T02:35:09.000Z","C1","1.168"
"2021-10-01T02:35:09.000Z","C10","0.223"
"2021-10-01T02:35:09.000Z","C11","0.214"
"2021-10-01T02:35:09.000Z","C12","0.21"
"2021-10-01T02:35:09.000Z","C2","1.165"
"2021-10-01T02:35:09.000Z","C3","1.193"
"2021-10-01T02:35:09.000Z","C4","1.28"
"2021-10-01T02:35:09.000Z","C5","1.25"
"2021-10-01T02:35:09.000Z","C6","1.196"
"2021-10-01T02:35:09.000Z","C7","0.212"
"2021-10-01T02:35:09.000Z","C8","0.219"
"2021-10-01T02:35:09.000Z","C9","0.199"
"2021-10-01T02:35:09.000Z","D1","1.159"
"2021-10-01T02:35:09.000Z","D10","0.2"
"2021-10-01T02:35:09.000Z","D11","0.213"
"2021-10-01T02:35:09.000Z","D12","0.221"
"2021-10-01T02:35:09.000Z","D2","1.177"
"2021-10-01T02:35:09.000Z","D3","1.229"
"2021-10-01T02:35:09.000Z","D4","1.204"
"2021-10-01T02:35:09.000Z","D5","1.248"
"2021-10-01T02:35:09.000Z","D6","1.219"
"2021-10-01T02:35:09.000Z","D7","0.187"
"2021-10-01T02:35:09.000Z","D8","0.2"
"2021-10-01T02:35:09.000Z","D9","0.213"
"2021-10-01T02:35:09.000Z","E1","1.278"
"2021-10-01T02:35:09.000Z","E10","0.266"
"2021-10-01T02:35:09.000Z","E11","0.259"
"2021-10-01T02:35:09.000Z","E12","0.201"
"2021-10-01T02:35:09.000Z","E2","1.219"
"2021-10-01T02:35:09.000Z","E3","1.221"
"2021-10-01T02:35:09.000Z","E4","1.272"
"2021-10-01T02:35:09.000Z","E5","1.347"
"2021-10-01T02:35:09.000Z","E6","1.174"
"2021-10-01T02:35:09.000Z","E7","0.283"
"2021-10-01T02:35:09.000Z","E8","0.209"
"2021-10-01T02:35:09.000Z","E9","0.218"
"2021-10-01T02:35:09.000Z","F1","1.2"
"2021-10-01T02:35:09.000Z","F10","0.224"
"2021-10-01T02:35:09.000Z","F11","0.221"
"2021-10-01T02:35:09.000Z","F12","0.207"
"2021-10-01T02:35:09.000Z","F2","1.164"
"2021-10-01T02:35:09.000Z","F3","1.165"
"2021-10-01T02:35:09.000Z","F4","1.281"
"2021-10-01T02:35:09.000Z","F5","1.286"
"2021-10-01T02:35:09.000Z","F6","1.202"
"2021-10-01T02:35:09.000Z","F7","0.215"
"2021-10-01T02:35:09.000Z","F8","0.196"
"2021-10-01T02:35:09.000Z","F9","0.197"
"2021-10-01T02:35:09.000Z","G1","1.206"
"2021-10-01T02:35:09.000Z","G10","0.22"
"2021-10-01T02:35:09.000Z","G11","0.243"
"2021-10-01T02:35:09.000Z","G12","0.234"
"2021-10-01T02:35:09.000Z","G2","1.25"
"2021-10-01T02:35:09.000Z","G3","1.217"
"2021-10-01T02:35:09.000Z","G4","1.192"
"2021-10-01T02:35:09.000Z","G5","1.296"
"2021-10-01T02:35:09.000Z","G6","1.24"
"2021-10-01T02:35:09.000Z","G7","0.217"
"2021-10-01T02:35:09.000Z","G8","0.235"
"2021-10-01T02:35:09.000Z","G9","0.216"
"2021-10-01T02:35:09.000Z","H1","1.164"
"2021-10-01T02:35:09.000Z","H10","0.209"
"2021-10-01T02:35:09.000Z","H11","0.217"
"2021-10-01T02:35:09.000Z","H12","0.22"
"2021-10-01T02:35:09.000Z","H2","1.216"
"2021-10-01T02:35:09.000Z","H3","1.21"
"2021-10-01T02:35:09.000Z","H4","1.207"
"2021-10-01T02:35:09.000Z","H5","1.252"
"2021-10-01T02:35:09.000Z","H6","1.24"
"2021-10-01T02:35:09.000Z","H7","0.195"
"2021-10-01T02:35:09.000Z","H8","0.213"
"2021-10-01T02:35:09.000Z","H9","0.229"
"2021-10-01T03:35:09.000Z","A1","1.145"
"2021-10-01T03:35:09.000Z","A10","0.223"
"2021-10-01T03:35:09.000Z","A11","0.23"
"2021-10-01T03:35:09.000Z","A12","0.212"
"2021-10-01T03:35:09.000Z","A2","1.197"
"2021-10-01T03:35:09.000Z","A3","1.154"
"2021-10-01T03:35:09.000Z","A4","1.163"
"2021-10-01T03:35:09.000Z","A5","1.256"
"2021-10-01T03:35:09.000Z","A6","1.215"
"2021-10-01T03:35:09.000Z","A7","0.222"
"2021-10-01T03:35:09.000Z","A8","0.21"
"2021-10-01T03:35:09.000Z","A9","0.219"
"2021-10-01T03:35:09.000Z","B1","1.2"
"2021-10-01T03:35:09.000Z","B10","0.217"
"2021-10-01T03:35:09.000Z","B11","0.221"
"2021-10-01T03:35:09.000Z","B12","0.252"
"2021-10-01T03:35:09.000Z","B2","1.211"
"2021-10-01T03:35:09.000Z","B3","1.2"
"2021-10-01T03:35:09.000Z","B4","1.21"
"2021-10-01T03:35:09.000Z","B5","1.27"
"2021-10-01T03:35:09.000Z","B6","1.223"
"2021-10-01T03:35:09.000Z","B7","0.216"
"2021-10-01T03:35:09.000Z","B8","0.207"
"2021-10-01T03:35:09.000Z","B9","0.223"
"2021-10-01T03:35:09.000Z","C1","1.196"
"2021-10-01T03:35:09.000Z","C10","0.222"
"2021-10-01T03:35:09.000Z","C11","0.208"
"2021-10-01T03:35:09.000Z","C12","0.218"
"2021-10-01T03:35:09.000Z","C2","1.144"
"2021-10-01T03:35:09.000Z","C3","1.241"
"2021-10-01T03:35:09.000Z","C4","1.162"
"2021-10-01T03:35:09.000Z","C5","1.207"
"2021-10-01T03:35:09.000Z","C6","1.247"
"2021-10-01T03:35:09.000Z","C7","0.205"
"2021-10-01T03:35:09.000Z","C8","0.199"
"2021-10-01T03:35:09.000Z","C9","0.233"
"2021-10-01T03:35:09.000Z","D1","1.158"
"2021-10-01T03:35:09.000Z","D10","0.226"
"2021-10-01T03:35:09.000Z","D11","0.215"
"2021-10-01T03:35:09.000Z","D12","0.235"
"2021-10-01T03:35:09.000Z","D2","1.188"
"2021-10-01T03:35:09.000Z","D3","1.239"
"2021-10-01T03:35:09.000Z","D4","1.252"
"2021-10-01T03:35:09.000Z","D5","1.25"
"2021-10-01T03:35:09.000Z","D6","1.305"
"2021-10-01T03:35:09.000Z","D7","0.191"
"2021-10-01T03:35:09.000Z","D8","0.222"
"2021-10-01T03:35:09.000Z","D9","0.207"
"2021-10-01T03:35:09.000Z","E1","1.223"
"2021-10-01T03:35:09.000Z","E10","0.247"
"2021-10-01T03:35:09.000Z","E11","0.219"
"2021-10-01T03:35:09.000Z","E12","0.253"
"2021-10-01T03:35:09.000Z","E2","1.166"
"2021-10-01T03:35:09.000Z","E3","1.234"
"2021-10-01T03:35:09.000Z","E4","1.327"
"2021-10-01T03:35:09.000Z","E5","1.22"
"2021-10-01T03:35:09.000Z","E6","1.281"
"2021-10-01T03:35:09.000Z","E7","0.223"
"2021-10-01T03:35:09.000Z","E8","0.227"
"2021-10-01T03:35:09.000Z","E9","0.256"
"2021-10-01T03:35:09.000Z","F1","1.23"
"2021-10-01T03:35:09.000Z","F10","0.235"
"2021-10-01T03:35:09.000Z","F11","0.23"
"2021-10-01T03:35:09.000Z","F12","0.254"
"2021-10-01T03:35:09.000Z","F2","1.214"
"2021-10-01T03:35:09.000Z","F3","1.337"
"2021-10-01T03:35:09.000Z","F4","1.28"
"2021-10-01T03:35:09.000Z","F5","1.252"
"2021-10-01T03:35:09.000Z","F6","1.359"
"2021-10-01T03:35:09.000Z","F7","0.22"
"2021-10-01T03:35:09.000Z","F8","0.201"
"2021-10-01T03:35:09.000Z","F9","0.281"
"2021-10-01T03:35:09.000Z","G1","1.262"
"2021-10-01T03:35:09.000Z","G10","0.224"
"2021-10-01T03:35:09.000Z","G11","0.228"
"2021-10-01T03:35:09.000Z","G12","0.229"
"2021-10-01T03:35:09.000Z","G2","1.241"
"2021-10-01T03:35:09.000Z","G3","1.298"
"2021-10-01T03:35:09.000Z","G4","1.272"
"2021-10-01T03:35:09.000Z","G5","1.253"
"2021-10-01T03:35:09.000Z","G6","1.293"
"2021-10-01T03:35:09.000Z","G7","0.238"
"2021-10-01T03:35:09.000Z","G8","0.233"
"2021-10-01T03:35:09.000Z","G9","0.236"
"2021-10-01T03:35:09.000Z","H1","1.17"
"2021-10-01T03:35:09.000Z","H10","0.216"
"2021-10-01T03:35:09.000Z","H11","0.219"
"2021-10-01T03:35:09.000Z","H12","0.213"
"2021-10-01T03:35:09.000Z","H2","1.182"
"2021-10-01T03:35:09.000Z","H3","1.204"
"2021-10-01T03:35:09.000Z","H4","1.258"
"2021-10-01T03:35:09.000Z","H5","1.245"
"2021-10-01T03:35:09.000Z","H6","1.25"
"2021-10-01T03:35:09.000Z","H7","0.211"
"2021-10-01T03:35:09.000Z","H8","0.199"
"2021-10-01T03:35:09.000Z","H9","0.208"
"2021-10-01T04:35:13.000Z","A1","1.161"
"2021-10-01T04:35:13.000Z","A10","0.226"
"2021-10-01T04:35:13.000Z","A11","0.235"
"2021-10-01T04:35:13.000Z","A12","0.229"
"2021-10-01T04:35:13.000Z","A2","1.177"
"2021-10-01T04:35:13.000Z","A3","1.159"
"2021-10-01T04:35:13.000Z","A4","1.186"
"2021-10-01T04:35:13.000Z","A5","1.295"
"2021-10-01T04:35:13.000Z","A6","1.23"
"2021-10-01T04:35:13.000Z","A7","0.218"
"2021-10-01T04:35:13.000Z","A8","0.202"
"2021-10-01T04:35:13.000Z","A9","0.209"
"2021-10-01T04:35:13.000Z","B1","1.226"
"2021-10-01T04:35:13.000Z","B10","0.217"
"2021-10-01T04:35:13.000Z","B11","0.242"
"2021-10-01T04:35:13.000Z","B12","0.221"
"2021-10-01T04:35:13.000Z","B2","1.279"
"2021-10-01T04:35:13.000Z","B3","1.262"
"2021-10-01T04:35:13.000Z","B4","1.251"
"2021-10-01T04:35:13.000Z","B5","1.302"
"2021-10-01T04:35:13.000Z","B6","1.254"
"2021-10-01T04:35:13.000Z","B7","0.227"
"2021-10-01T04:35:13.000Z","B8","0.229"
"2021-10-01T04:35:13.000Z","B9","0.208"
"2021-10-01T04:35:13.000Z","C1","1.214"
"2021-10-01T04:35:13.000Z","C10","0.209"
"2021-10-01T04:35:13.000Z","C11","0.252"
"2021-10-01T04:35:13.000Z","C12","0.217"
"2021-10-01T04:35:13.000Z","C2","1.233"
"2021-10-01T04:35:13.000Z","C3","1.244"
"2021-10-01T04:35:13.000Z","C4","1.177"
"2021-10-01T04:35:13.000Z","C5","1.382"
"2021-10-01T04:35:13.000Z","C6","1.239"
"2021-10-01T04:35:13.000Z","C7","0.207"
"2021-10-01T04:35:13.000Z","C8","0.237"
"2021-10-01T04:35:13.000Z","C9","0.239"
"2021-10-01T04:35:13.000Z","D1","1.155"
"2021-10-01T04:35:13.000Z","D10","0.212"
"2021-10-01T04:35:13.000Z","D11","0.222"
"2021-10-01T04:35:13.000Z","D12","0.231"
"2021-10-01T04:35:13.000Z","D2","1.197"
"2021-10-01T04:35:13.000Z","D3","1.235"
"2021-10-01T04:35:13.000Z","D4","1.22"
"2021-10-01T04:35:13.000Z","D5","1.303"
"2021-10-01T04:35:13.000Z","D6","1.293"
"2021-10-01T04:35:13.000Z","D7","0.219"
"2021-10-01T04:35:13.000Z","D8","0.207"
"2021-10-01T04:35:13.000Z","D9","0.215"
"2021-10-01T04:35:13.000Z","E1","1.174"
"2021-10-01T04:35:13.000Z","E10","0.243"
"2021-10-01T04:35:13.000Z","E11","0.327"
"2021-10-01T04:35:13.000Z","E12","0.277"
"2021-10-01T04:35:13.000Z","E2","1.256"
"2021-10-01T04:35:13.000Z","E3","1.264"
"2021-10-01T04:35:13.000Z","E4","1.207"
"2021-10-01T04:35:13.000Z","E5","1.377"
"2021-10-01T04:35:13.000Z","E6","1.323"
"2021-10-01T04:35:13.000Z","E7","0.226"
"2021-10-01T04:35:13.000Z","E8","0.248"
"2021-10-01T04:35:13.000Z","E9","0.236"
"2021-10-01T04:35:13.000Z","F1","1.226"
"2021-10-01T04:35:13.000Z","F10","0.207"
"2021-10-01T04:35:13.000Z","F11","0.236"
"2021-10-01T04:35:13.000Z","F12","0.26"
"2021-10-01T04:35:13.000Z","F2","1.243"
"2021-10-01T04:35:13.000Z","F3","1.222"
"2021-10-01T04:35:13.000Z","F4","1.209"
"2021-10-01T04:35:13.000Z","F5","1.348"
"2021-10-01T04:35:13.000Z","F6","1.365"
"2021-10-01T04:35:13.000Z","F7","0.208"
"2021-10-01T04:35:13.000Z","F8","0.242"
"2021-10-01T04:35:13.000Z","F9","0.211"
"2021-10-01T04:35:13.000Z","G1","1.221"
"2021-10-01T04:35:13.000Z","G10","0.206"
"2021-10-01T04:35:13.000Z","G11","0.233"
"2021-10-01T04:35:13.000Z","G12","0.269"
"2021-10-01T04:35:13.000Z","G2","1.23"
"2021-10-01T04:35:13.000Z","G3","1.237"
"2021-10-01T04:35:13.000Z","G4","1.195"
"2021-10-01T04:35:13.000Z","G5","1.318"
"2021-10-01T04:35:13.000Z","G6","1.385"
"2021-10-01T04:35:13.000Z","G7","0.234"
"2021-10-01T04:35:13.000Z","G8","0.224"
"2021-10-01T04:35:13.000Z","G9","0.217"
"2021-10-01T04:35:13.000Z","H1","1.216"
"2021-10-01T04:35:13.000Z","H10","0.214"
"2021-10-01T04:35:13.000Z","H11","0.242"
"2021-10-01T04:35:13.000Z","H12","0.244"
"2021-10-01T04:35:13.000Z","H2","1.173"
"2021-10-01T04:35:13.000Z","H3","1.253"
"2021-10-01T04:35:13.000Z","H4","1.226"
"2021-10-01T04:35:13.000Z","H5","1.25"
"2021-10-01T04:35:13.000Z","H6","1.364"
"2021-10-01T04:35:13.000Z","H7","0.215"
"2021-10-01T04:35:13.000Z","H8","0.196"
"2021-10-01T04:35:13.000Z","H9","0.214"
"2021-10-01T06:35:15.000Z","A1","1.264"
"2021-10-01T06:35:15.000Z","A10","0.221"
"2021-10-01T06:35:15.000Z","A11","0.235"
"2021-10-01T06:35:15.000Z","A12","0.235"
"2021-10-01T06:35:15.000Z","A2","1.22"
"2021-10-01T06:35:15.000Z","A3","1.241"
"2021-10-01T06:35:15.000Z","A4","1.24"
"2021-10-01T06:35:15.000Z","A5","1.277"
"2021-10-01T06:35:15.000Z","A6","1.251"
"2021-10-01T06:35:15.000Z","A7","0.222"
"2021-10-01T06:35:15.000Z","A8","0.233"
"2021-10-01T06:35:15.000Z","A9","0.214"
"2021-10-01T06:35:15.000Z","B1","1.281"
"2021-10-01T06:35:15.000Z","B10","0.234"
"2021-10-01T06:35:15.000Z","B11","0.266"
"2021-10-01T06:35:15.000Z","B12","0.224"
"2021-10-01T06:35:15.000Z","B2","1.204"
"2021-10-01T06:35:15.000Z","B3","1.295"
"2021-10-01T06:35:15.000Z","B4","1.259"
"2021-10-01T06:35:15.000Z","B5","1.309"
"2021-10-01T06:35:15.000Z","B6","1.294"
"2021-10-01T06:35:15.000Z","B7","0.229"
"2021-10-01T06:35:15.000Z","B8","0.203"
"2021-10-01T06:35:15.000Z","B9","0.238"
"2021-10-01T06:35:15.000Z","C1","1.22"
"2021-10-01T06:35:15.000Z","C10","0.23"
"2021-10-01T06:35:15.000Z","C11","0.222"
"2021-10-01T06:35:15.000Z","C12","0.219"
"2021-10-01T06:35:15.000Z","C2","1.21"
"2021-10-01T06:35:15.000Z","C3","1.255"
"2021-10-01T06:35:15.000Z","C4","1.299"
"2021-10-01T06:35:15.000Z","C5","1.251"
"2021-10-01T06:35:15.000Z","C6","1.244"
"2021-10-01T06:35:15.000Z","C7","0.218"
"2021-10-01T06:35:15.000Z","C8","0.21"
"2021-10-01T06:35:15.000Z","C9","0.219"
"2021-10-01T06:35:15.000Z","D1","1.232"
"2021-10-01T06:35:15.000Z","D10","0.23"
"2021-10-01T06:35:15.000Z","D11","0.244"
"2021-10-01T06:35:15.000Z","D12","0.219"
"2021-10-01T06:35:15.000Z","D2","1.25"
"2021-10-01T06:35:15.000Z","D3","1.235"
"2021-10-01T06:35:15.000Z","D4","1.292"
"2021-10-01T06:35:15.000Z","D5","1.304"
"2021-10-01T06:35:15.000Z","D6","1.24"
"2021-10-01T06:35:15.000Z","D7","0.223"
"2021-10-01T06:35:15.000Z","D8","0.222"
"2021-10-01T06:35:15.000Z","D9","0.224"
"2021-10-01T06:35:15.000Z","E1","1.22"
"2021-10-01T06:35:15.000Z","E10","0.271"
"2021-10-01T06:35:15.000Z","E11","0.287"
"2021-10-01T06:35:15.000Z","E12","0.23"
"2021-10-01T06:35:15.000Z","E2","1.278"
"2021-10-01T06:35:15.000Z","E3","1.255"
"2021-10-01T06:35:15.000Z","E4","1.32"
"2021-10-01T06:35:15.000Z","E5","1.375"
"2021-10-01T06:35:15.000Z","E6","1.286"
"2021-10-01T06:35:15.000Z","E7","0.245"
"2021-10-01T06:35:15.000Z","E8","0.244"
"2021-10-01T06:35:15.000Z","E9","0.228"
"2021-10-01T06:35:15.000Z","F1","1.217"
"2021-10-01T06:35:15.000Z","F10","0.248"
"2021-10-01T06:35:15.000Z","F11","0.263"
"2021-10-01T06:35:15.000Z","F12","0.215"
"2021-10-01T06:35:15.000Z","F2","1.189"
"2021-10-01T06:35:15.000Z","F3","1.192"
"2021-10-01T06:35:15.000Z","F4","1.341"
"2021-10-01T06:35:15.000Z","F5","1.4"
"2021-10-01T06:35:15.000Z","F6","1.242"
"2021-10-01T06:35:15.000Z","F7","0.231"
"2021-10-01T06:35:15.000Z","F8","0.218"
"2021-10-01T06:35:15.000Z","F9","0.214"
"2021-10-01T06:35:15.000Z","G1","1.202"
"2021-10-01T06:35:15.000Z","G10","0.235"
"2021-10-01T06:35:15.000Z","G11","0.253"
"2021-10-01T06:35:15.000Z","G12","0.233"
"2021-10-01T06:35:15.000Z","G2","1.267"
"2021-10-01T06:35:15.000Z","G3","1.305"
"2021-10-01T06:35:15.000Z","G4","1.321"
"2021-10-01T06:35:15.000Z","G5","1.362"
"2021-10-01T06:35:15.000Z","G6","1.31"
"2021-10-01T06:35:15.000Z","G7","0.219"
"2021-10-01T06:35:15.000Z","G8","0.23"
"2021-10-01T06:35:15.000Z","G9","0.23"
"2021-10-01T06:35:15.000Z","H1","1.251"
"2021-10-01T06:35:15.000Z","H10","0.23"
"2021-10-01T06:35:15.000Z","H11","0.264"
"2021-10-01T06:35:15.000Z","H12","0.222"
"2021-10-01T06:35:15.000Z","H2","1.17"
"2021-10-01T06:35:15.000Z","H3","1.263"
"2021-10-01T06:35:15.000Z","H4","1.234"
"2021-10-01T06:35:15.000Z","H5","1.435"
"2021-10-01T06:35:15.000Z","H6","1.299"
"2021-10-01T06:35:15.000Z","H7","0.216"
"2021-10-01T06:35:15.000Z","H8","0.236"
"2021-10-01T06:35:15.000Z","H9","0.224"
"2021-10-01T08:35:05.000Z","A1","1.157"
"2021-10-01T08:35:05.000Z","A10","0.24"
"2021-10-01T08:35:05.000Z","A11","0.247"
"2021-10-01T08:35:05.000Z","A12","0.235"
"2021-10-01T08:35:05.000Z","A2","1.227"
"2021-10-01T08:35:05.000Z","A3","1.343"
"2021-10-01T08:35:05.000Z","A4","1.224"
"2021-10-01T08:35:05.000Z","A5","1.302"
"2021-10-01T08:35:05.000Z","A6","1.304"
"2021-10-01T08:35:05.000Z","A7","0.231"
"2021-10-01T08:35:05.000Z","A8","0.213"
"2021-10-01T08:35:05.000Z","A9","0.234"
"2021-10-01T08:35:05.000Z","B1","1.228"
"2021-10-01T08:35:05.000Z","B10","0.247"
"2021-10-01T08:35:05.000Z","B11","0.242"
"2021-10-01T08:35:05.000Z","B12","0.253"
"2021-10-01T08:35:05.000Z","B2","1.243"
"2021-10-01T08:35:05.000Z","B3","1.281"
"2021-10-01T08:35:05.000Z","B4","1.3"
"2021-10-01T08:35:05.000Z","B5","1.284"
"2021-10-01T08:35:05.000Z","B6","1.26"
"2021-10-01T08:35:05.000Z","B7","0.234"
"2021-10-01T08:35:05.000Z","B8","0.226"
"2021-10-01T08:35:05.000Z","B9","0.233"
"2021-10-01T08:35:05.000Z","C1","1.21"
"2021-10-01T08:35:05.000Z","C10","0.223"
"2021-10-01T08:35:05.000Z","C11","0.236"
"2021-10-01T08:35:05.000Z","C12","0.266"
"2021-10-01T08:35:05.000Z","C2","1.214"
"2021-10-01T08:35:05.000Z","C3","1.351"
"2021-10-01T08:35:05.000Z","C4","1.247"
"2021-10-01T08:35:05.000Z","C5","1.31"
"2021-10-01T08:35:05.000Z","C6","1.403"
"2021-10-01T08:35:05.000Z","C7","0.232"
"2021-10-01T08:35:05.000Z","C8","0.211"
"2021-10-01T08:35:05.000Z","C9","0.251"
"2021-10-01T08:35:05.000Z","D1","1.179"
"2021-10-01T08:35:05.000Z","D10","0.231"
"2021-10-01T08:35:05.000Z","D11","0.243"
"2021-10-01T08:35:05.000Z","D12","0.244"
"2021-10-01T08:35:05.000Z","D2","1.222"
"2021-10-01T08:35:05.000Z","D3","1.326"
"2021-10-01T08:35:05.000Z","D4","1.277"
"2021-10-01T08:35:05.000Z","D5","1.283"
"2021-10-01T08:35:05.000Z","D6","1.354"
"2021-10-01T08:35:05.000Z","D7","0.195"
"2021-10-01T08:35:05.000Z","D8","0.246"
"2021-10-01T08:35:05.000Z","D9","0.245"
"2021-10-01T08:35:05.000Z","E1","1.253"
"2021-10-01T08:35:05.000Z","E10","0.283"
"2021-10-01T08:35:05.000Z","E11","0.24"
"2021-10-01T08:35:05.000Z","E12","0.277"
"2021-10-01T08:35:05.000Z","E2","1.241"
"2021-10-01T08:35:05.000Z","E3","1.322"
"2021-10-01T08:35:05.000Z","E4","1.358"
"2021-10-01T08:35:05.000Z","E5","1.31"
"2021-10-01T08:35:05.000Z","E6","1.31"
"2021-10-01T08:35:05.000Z","E7","0.254"
"2021-10-01T08:35:05.000Z","E8","0.224"
"2021-10-01T08:35:05.000Z","E9","0.252"
"2021-10-01T08:35:05.000Z","F1","1.232"
"2021-10-01T08:35:05.000Z","F10","0.269"
"2021-10-01T08:35:05.000Z","F11","0.241"
"2021-10-01T08:35:05.000Z","F12","0.272"
"2021-10-01T08:35:05.000Z","F2","1.204"
"2021-10-01T08:35:05.000Z","F3","1.307"
"2021-10-01T08:35:05.000Z","F4","1.373"
"2021-10-01T08:35:05.000Z","F5","1.355"
"2021-10-01T08:35:05.000Z","F6","1.386"
"2021-10-01T08:35:05.000Z","F7","0.222"
"2021-10-01T08:35:05.000Z","F8","0.222"
"2021-10-01T08:35:05.000Z","F9","0.265"
"2021-10-01T08:35:05.000Z","G1","1.193"
"2021-10-01T08:35:05.000Z","G10","0.245"
"2021-10-01T08:35:05.000Z","G11","0.247"
"2021-10-01T08:35:05.000Z","G12","0.249"
"2021-10-01T08:35:05.000Z","G2","1.233"
"2021-10-01T08:35:05.000Z","G3","1.277"
"2021-10-01T08:35:05.000Z","G4","1.328"
"2021-10-01T08:35:05.000Z","G5","1.302"
"2021-10-01T08:35:05.000Z","G6","1.359"
"2021-10-01T08:35:05.000Z","G7","0.223"
"2021-10-01T08:35:05.000Z","G8","0.215"
"2021-10-01T08:35:05.000Z","G9","0.247"
"2021-10-01T08:35:05.000Z","H1","1.193"
"2021-10-01T08:35:05.000Z","H10","0.254"
"2021-10-01T08:35:05.000Z","H11","0.236"
"2021-10-01T08:35:05.000Z","H12","0.241"
"2021-10-01T08:35:05.000Z","H2","1.27"
"2021-10-01T08:35:05.000Z","H3","1.299"
"2021-10-01T08:35:05.000Z","H4","1.33"
"2021-10-01T08:35:05.000Z","H5","1.291"
"2021-10-01T08:35:05.000Z","H6","1.31"
"2021-10-01T08:35:05.000Z","H7","0.214"
"2021-10-01T08:35:05.000Z","H8","0.222"
"2021-10-01T08:35:05.000Z","H9","0.229"
"2021-10-01T10:07:14.000Z","A1","0.121"
"2021-10-01T10:07:14.000Z","A10","0.117"
"2021-10-01T10:07:14.000Z","A11","0.115"
"2021-10-01T10:07:14.000Z","A12","0.12"
"2021-10-01T10:07:14.000Z","A2","0.121"
"2021-10-01T10:07:14.000Z","A3","0.122"
"2021-10-01T10:07:14.000Z","A4","0.121"
"2021-10-01T10:07:14.000Z","A5","0.127"
"2021-10-01T10:07:14.000Z","A6","0.127"
"2021-10-01T10:07:14.000Z","A7","0.043"
"2021-10-01T10:07:14.000Z","A8","0.044"
"2021-10-01T10:07:14.000Z","A9","0.043"
"2021-10-01T10:07:14.000Z","B1","0.126"
"2021-10-01T10:07:14.000Z","B10","0.122"
"2021-10-01T10:07:14.000Z","B11","0.125"
"2021-10-01T10:07:14.000Z","B12","0.123"
"2021-10-01T10:07:14.000Z","B2","0.13"
"2021-10-01T10:07:14.000Z","B3","0.134"
"2021-10-01T10:07:14.000Z","B4","0.132"
"2021-10-01T10:07:14.000Z","B5","0.135"
"2021-10-01T10:07:14.000Z","B6","0.13"
"2021-10-01T10:07:14.000Z","B7","0.044"
"2021-10-01T10:07:14.000Z","B8","0.044"
"2021-10-01T10:07:14.000Z","B9","0.044"
"2021-10-01T10:07:14.000Z","C1","0.126"
"2021-10-01T10:07:14.000Z","C10","0.118"
"2021-10-01T10:07:14.000Z","C11","0.115"
"2021-10-01T10:07:14.000Z","C12","0.124"
"2021-10-01T10:07:14.000Z","C2","0.119"
"2021-10-01T10:07:14.000Z","C3","0.127"
"2021-10-01T10:07:14.000Z","C4","0.127"
"2021-10-01T10:07:14.000Z","C5","0.142"
"2021-10-01T10:07:14.000Z","C6","0.138"
"2021-10-01T10:07:14.000Z","C7","0.044"
"2021-10-01T10:07:14.000Z","C8","0.043"
"2021-10-01T10:07:14.000Z","C9","0.043"
"2021-10-01T10:07:14.000Z","D1","0.118"
"2021-10-01T10:07:14.000Z","D10","0.125"
"2021-10-01T10:07:14.000Z","D11","0.118"
"2021-10-01T10:07:14.000Z","D12","0.125"
"2021-10-01T10:07:14.000Z","D2","0.122"
"2021-10-01T10:07:14.000Z","D3","0.134"
"2021-10-01T10:07:14.000Z","D4","0.13"
"2021-10-01T10:07:14.000Z","D5","0.132"
"2021-10-01T10:07:14.000Z","D6","0.135"
"2021-10-01T10:07:14.000Z","D7","0.043"
"2021-10-01T10:07:14.000Z","D8","0.043"
"2021-10-01T10:07:14.000Z","D9","0.044"
"2021-10-01T10:07:14.000Z","E1","0.129"
"2021-10-01T10:07:14.000Z","E10","0.13"
"2021-10-01T10:07:14.000Z","E11","0.118"
"2021-10-01T10:07:14.000Z","E12","0.126"
"2021-10-01T10:07:14.000Z","E2","0.127"
"2021-10-01T10:07:14.000Z","E3","0.141"
"2021-10-01T10:07:14.000Z","E4","0.14"
"2021-10-01T10:07:14.000Z","E5","0.135"
"2021-10-01T10:07:14.000Z","E6","0.133"
"2021-10-01T10:07:14.000Z","E7","0.043"
"2021-10-01T10:07:14.000Z","E8","0.043"
"2021-10-01T10:07:14.000Z","E9","0.043"
"2021-10-01T10:07:14.000Z","F1","0.126"
"2021-10-01T10:07:14.000Z","F10","0.126"
"2021-10-01T10:07:14.000Z","F11","0.12"
"2021-10-01T10:07:14.000Z","F12","0.123"
"2021-10-01T10:07:14.000Z","F2","0.126"
"2021-10-01T10:07:14.000Z","F3","0.133"
"2021-10-01T10:07:14.000Z","F4","0.136"
"2021-10-01T10:07:14.000Z","F5","0.126"
"2021-10-01T10:07:14.000Z","F6","0.142"
"2021-10-01T10:07:14.000Z","F7","0.043"
"2021-10-01T10:07:14.000Z","F8","0.044"
"2021-10-01T10:07:14.000Z","F9","0.042"
"2021-10-01T10:07:14.000Z","G1","0.131"
"2021-10-01T10:07:14.000Z","G10","0.043"
"2021-10-01T10:07:14.000Z","G11","0.044"
"2021-10-01T10:07:14.000Z","G12","0.043"
"2021-10-01T10:07:14.000Z","G2","0.127"
"2021-10-01T10:07:14.000Z","G3","0.123"
"2021-10-01T10:07:14.000Z","G4","0.136"
"2021-10-01T10:07:14.000Z","G5","0.13"
"2021-10-01T10:07:14.000Z","G6","0.138"
"2021-10-01T10:07:14.000Z","G7","0.043"
"2021-10-01T10:07:14.000Z","G8","0.044"
"2021-10-01T10:07:14.000Z","G9","0.043"
"2021-10-01T10:07:14.000Z","H1","0.12"
"2021-10-01T10:07:14.000Z","H10","0.043"
"2021-10-01T10:07:14.000Z","H11","0.043"
"2021-10-01T10:07:14.000Z","H12","0.043"
"2021-10-01T10:07:14.000Z","H2","0.125"
"2021-10-01T10:07:14.000Z","H3","0.127"
"2021-10-01T10:07:14.000Z","H4","0.125"
"2021-10-01T10:07:14.000Z","H5","0.135"
"2021-10-01T10:07:14.000Z","H6","0.132"
"2021-10-01T10:07:14.000Z","H7","0.043"
"2021-10-01T10:07:14.000Z","H8","0.043"
"2021-10-01T10:07:14.000Z","H9","0.043"